method,confidence,threshold,tau_historical,val_coverage_present_historical,val_false_nomination_absent_historical,coverage_present_estimate_historical,coverage_present_ci_low_historical,coverage_present_ci_high_historical,recall5_among_nominated_estimate_historical,recall5_among_nominated_ci_low_historical,recall5_among_nominated_ci_high_historical,false_nomination_absent_estimate_historical,false_nomination_absent_ci_low_historical,false_nomination_absent_ci_high_historical,tau_corrected,n_validation,n_test,n_valid_calibration_present,n_valid_calibration_absent,n_nominated_present,recall5_defined,val_coverage_present_corrected,val_false_nomination_absent_corrected,coverage_present_estimate_corrected,coverage_present_ci_low_corrected,coverage_present_ci_high_corrected,recall5_among_nominated_estimate_corrected,recall5_among_nominated_ci_low_corrected,recall5_among_nominated_ci_high_corrected,false_nomination_absent_estimate_corrected,false_nomination_absent_ci_low_corrected,false_nomination_absent_ci_high_corrected,fusion_normalization,unchanged,tau_delta,val_coverage_present_delta,val_false_nomination_absent_delta,coverage_present_estimate_delta,coverage_present_ci_low_delta,coverage_present_ci_high_delta,recall5_among_nominated_estimate_delta,recall5_among_nominated_ci_low_delta,recall5_among_nominated_ci_high_delta,false_nomination_absent_estimate_delta,false_nomination_absent_ci_low_delta,false_nomination_absent_ci_high_delta
deepsets,margin,tau_cov90,0.0012727975845336,0.9000103831377843,0.8931575122001869,0.8604432757325319,0.8174632215184228,0.8948000163262558,0.3277810852467041,0.2829686572961845,0.3709854315491315,0.8613824192336589,0.8183178181954164,0.8962174008512938,0.0012727975845336,9631,10648,9631,9631,9162,True,0.9000103831377843,0.8931575122001869,0.8604432757325319,0.8174632215184228,0.8948000163262558,0.3277810852467041,0.2829686572961845,0.3709854315491315,0.8613824192336589,0.8183178181954164,0.8962174008512938,,True,0.0,0.0,0.0,0.0,0.0,0.0,0.0,0.0,0.0,0.0,0.0,0.0
deepsets,margin,tau_fn10,0.0636160373687744,0.1687259889938739,0.0999896168622157,0.0887490608564988,0.0706540158563002,0.1076548085982478,0.6735449735449736,0.5807303566453051,0.751508023540593,0.0992674680691209,0.0720464023214004,0.1310234493309838,0.0636160373687744,9631,10648,9631,9631,945,True,0.1687259889938739,0.0999896168622157,0.0887490608564988,0.0706540158563002,0.1076548085982478,0.6735449735449736,0.5807303566453051,0.751508023540593,0.0992674680691209,0.0720464023214004,0.1310234493309838,,True,0.0,0.0,0.0,0.0,0.0,0.0,0.0,0.0,0.0,0.0,0.0,0.0
deepsets,top1,tau_cov90,0.5066713094711304,0.9000103831377843,0.8628387498702108,0.8750939143501127,0.8476815228205373,0.8999717582311481,0.3319279319301633,0.2872598560317279,0.3771298700991898,0.8606311044327574,0.8318900961057824,0.8877022252570145,0.5066713094711304,9631,10648,9631,9631,9318,True,0.9000103831377843,0.8628387498702108,0.8750939143501127,0.8476815228205373,0.8999717582311481,0.3319279319301633,0.2872598560317279,0.3771298700991898,0.8606311044327574,0.8318900961057824,0.8877022252570145,,True,0.0,0.0,0.0,0.0,0.0,0.0,0.0,0.0,0.0,0.0,0.0,0.0
deepsets,top1,tau_fn10,0.717337429523468,0.172256255840515,0.0999896168622157,0.1837903831705484,0.1407924050845747,0.2311665873711162,0.5277674161275551,0.4221468522920547,0.645482633150486,0.1508264462809917,0.1101557010258677,0.1948692109945239,0.717337429523468,9631,10648,9631,9631,1957,True,0.172256255840515,0.0999896168622157,0.1837903831705484,0.1407924050845747,0.2311665873711162,0.5277674161275551,0.4221468522920547,0.645482633150486,0.1508264462809917,0.1101557010258677,0.1948692109945239,,True,0.0,0.0,0.0,0.0,0.0,0.0,0.0,0.0,0.0,0.0,0.0,0.0
embcos,margin,tau_cov90,0.0046377480030058,0.9000103831377843,0.8815283978818399,0.8704921111945906,0.8298771808717843,0.90244245643571,0.6586062199408328,0.6154750153466125,0.6972837255687304,0.8581893313298272,0.8203484401542115,0.8888572019031411,0.0046377480030058,9631,10648,9631,9631,9269,True,0.9000103831377843,0.8815283978818399,0.8704921111945906,0.8298771808717843,0.90244245643571,0.6586062199408328,0.6154750153466125,0.6972837255687304,0.8581893313298272,0.8203484401542115,0.8888572019031411,,True,0.0,0.0,0.0,0.0,0.0,0.0,0.0,0.0,0.0,0.0,0.0,0.0
embcos,margin,tau_fn10,0.108841449022293,0.2365278787249506,0.0999896168622157,0.1836964688204357,0.1523038108559738,0.217272002736556,0.8915303340149967,0.850009460613513,0.9225871565856922,0.0977648384673178,0.0787026667606276,0.1204507407512877,0.108841449022293,9631,10648,9631,9631,1956,True,0.2365278787249506,0.0999896168622157,0.1836964688204357,0.1523038108559738,0.217272002736556,0.8915303340149967,0.850009460613513,0.9225871565856922,0.0977648384673178,0.0787026667606276,0.1204507407512877,,True,0.0,0.0,0.0,0.0,0.0,0.0,0.0,0.0,0.0,0.0,0.0,0.0
embcos,top1,tau_cov90,0.226743683218956,0.9000103831377843,0.8453950783926902,0.907588279489106,0.8909465430180247,0.9219722898781936,0.6663941016388594,0.6157272246910618,0.710986921273297,0.8559353869271225,0.8332328778486086,0.8769687828253522,0.226743683218956,9631,10648,9631,9631,9664,True,0.9000103831377843,0.8453950783926902,0.907588279489106,0.8909465430180247,0.9219722898781936,0.6663941016388594,0.6157272246910618,0.710986921273297,0.8559353869271225,0.8332328778486086,0.8769687828253522,,True,0.0,0.0,0.0,0.0,0.0,0.0,0.0,0.0,0.0,0.0,0.0,0.0
embcos,top1,tau_fn10,0.4653387367725372,0.2454573772193957,0.0999896168622157,0.2554470323065364,0.2197048008044511,0.2907897892056115,0.8366999979299083,0.7571827353964086,0.898852597686834,0.1568369646882043,0.1247726082118202,0.1908041640358038,0.4653387367725372,9631,10648,9631,9631,2720,True,0.2454573772193957,0.0999896168622157,0.2554470323065364,0.2197048008044511,0.2907897892056115,0.8366999979299083,0.7571827353964086,0.898852597686834,0.1568369646882043,0.1247726082118202,0.1908041640358038,,True,0.0,0.0,0.0,0.0,0.0,0.0,0.0,0.0,0.0,0.0,0.0,0.0
fusion,margin,tau_cov90,0.0256342887878417,0.9000103831377843,0.8980375869587789,0.8823253193087904,0.8417435337518875,0.914718051720162,0.6635055055453891,0.6119709865525473,0.712876359183312,0.8783809166040571,0.8396562655570551,0.909593409658916,0.0256342887878417,9631,10648,9631,9631,9395,True,0.9000103831377843,0.8998027203820995,0.8823253193087904,0.8417435337518875,0.914718051720162,0.6635055055453891,0.6119709865525473,0.712876359183312,0.8817618332081142,0.8432750350059921,0.9132954901226648,per_pool_v2,False,0.0,0.0,0.0017651334233206306,0.0,0.0,0.0,0.0,0.0,0.0,0.003380916604057038,0.0036187694489370203,0.003702080463748758
fusion,margin,tau_fn10,0.87663209438324,0.1826393936247534,0.0999896168622157,0.1402141247182569,0.1095582485065806,0.1762261225297746,0.8151373074346953,0.7278260690094128,0.8818506832154894,0.0991735537190082,0.0748016100037271,0.1273379387820144,0.9204220771789556,9631,10648,9631,9631,1347,True,0.1698681341501401,0.0999896168622157,0.1265026296018031,0.0985504523552792,0.1599355476176546,0.8203414996288048,0.7296451364338029,0.8869784011551691,0.0985161532682193,0.0740423866476518,0.1268592226721482,per_pool_v2,False,0.043789982795715665,-0.0127712594746133,0.0,-0.013711495116453781,-0.011007796151301388,-0.016290574912119993,0.005204192194109503,0.0018190674243900862,0.005127717939679699,-0.0006574004507888948,-0.0007592233560753114,-0.0004787161098662174
fusion,top1,tau_cov90,1.654663324356079,0.9000103831377843,0.8678226560066452,0.8692712246431255,0.825052799071168,0.9090502571606686,0.7071089023336214,0.6583489448685517,0.7548838971248667,0.83809166040571,0.7911847749324364,0.8797559269379119,1.654663324356079,9631,10648,9631,9631,9256,True,0.9000103831377843,0.8869276295296439,0.8692712246431255,0.825052799071168,0.9090502571606686,0.7071089023336214,0.6583489448685517,0.7548838971248667,0.8562171299774606,0.8099612939779739,0.8975884620608988,per_pool_v2,False,0.0,0.0,0.01910497352299867,0.0,0.0,0.0,0.0,0.0,0.0,0.01812546957175054,0.018776519045537454,0.01783253512298688
fusion,top1,tau_fn10,2.99298357963562,0.2408887965943308,0.0999896168622157,0.2179752066115702,0.1801262122886,0.2598230848189765,0.8683757001292546,0.7916143364318156,0.93084703019978,0.1016153268219384,0.0767701688422801,0.1302261209213768,3.1240744590759277,9631,10648,9631,9631,1849,True,0.1998754023465891,0.0999896168622157,0.1736476333583771,0.1409608674081308,0.2105998916805682,0.8837209302325582,0.8102447037888062,0.940671851574213,0.1044327573253193,0.0805896122419548,0.1310717168439891,per_pool_v2,False,0.13109087944030762,-0.0410133942477417,0.0,-0.04432757325319309,-0.039165344880469216,-0.04922319313840828,0.015345230103303575,0.01863036735699064,0.009824821374432968,0.002817430503380902,0.003819443399674688,0.0008455959226122967
mass,margin,tau_cov90,0.0,1.0,1.0,1.0,1.0,1.0,0.1332479966659043,0.1121428441574544,0.1564337723848712,1.0,1.0,1.0,0.0,9631,10648,9631,9631,10648,True,1.0,1.0,1.0,1.0,1.0,0.1332479966659043,0.1121428441574544,0.1564337723848712,1.0,1.0,1.0,,True,0.0,0.0,0.0,0.0,0.0,0.0,0.0,0.0,0.0,0.0,0.0,0.0
mass,margin,tau_fn10,0.1904660016298294,0.0987436403281071,0.0999896168622157,0.1160781367392937,0.0795233185467954,0.1624409882156345,0.0494805529327443,0.0281152774949921,0.0862213701528662,0.1167355371900826,0.0808964325760347,0.1637931116857142,0.1904660016298294,9631,10648,9631,9631,1236,True,0.0987436403281071,0.0999896168622157,0.1160781367392937,0.0795233185467954,0.1624409882156345,0.0494805529327443,0.0281152774949921,0.0862213701528662,0.1167355371900826,0.0808964325760347,0.1637931116857142,,True,0.0,0.0,0.0,0.0,0.0,0.0,0.0,0.0,0.0,0.0,0.0,0.0
mass,top1,tau_cov90,-1.0101959705352783,0.9019831793167896,0.9019831793167896,0.8996994740796393,0.8704004381410051,0.9267515862836332,0.146773793379298,0.1234929764239694,0.1714365449466126,0.8996994740796393,0.8704004381410051,0.9267515862836332,-1.0101959705352783,9631,10648,9631,9631,9580,True,0.9019831793167896,0.9019831793167896,0.8996994740796393,0.8704004381410051,0.9267515862836332,0.146773793379298,0.1234929764239694,0.1714365449466126,0.8996994740796393,0.8704004381410051,0.9267515862836332,,True,0.0,0.0,0.0,0.0,0.0,0.0,0.0,0.0,0.0,0.0,0.0,0.0
mass,top1,tau_fn10,-0.0037370000500231,0.1012355933963243,0.0999896168622157,0.1222764838467317,0.0986215257443514,0.1467240670080426,0.2212446499331037,0.1752583713323702,0.2737938511062866,0.1214312546957175,0.0980646875951128,0.1460321711195685,-0.0037370000500231,9631,10648,9631,9631,1302,True,0.1012355933963243,0.0999896168622157,0.1222764838467317,0.0986215257443514,0.1467240670080426,0.2212446499331037,0.1752583713323702,0.2737938511062866,0.1214312546957175,0.0980646875951128,0.1460321711195685,,True,0.0,0.0,0.0,0.0,0.0,0.0,0.0,0.0,0.0,0.0,0.0,0.0
msalign,margin,tau_cov90,0.008605569601059,0.9000103831377843,0.8942996573564531,0.8878662659654395,0.8478553788564828,0.9191586381616804,0.6270071010884113,0.5743050758208025,0.677199276268683,0.8860818933132982,0.8462069071321906,0.916816725949999,0.008605569601059,9631,10648,9631,9631,9454,True,0.9000103831377843,0.8942996573564531,0.8878662659654395,0.8478553788564828,0.9191586381616804,0.6270071010884113,0.5743050758208025,0.677199276268683,0.8860818933132982,0.8462069071321906,0.916816725949999,,True,0.0,0.0,0.0,0.0,0.0,0.0,0.0,0.0,0.0,0.0,0.0,0.0
msalign,margin,tau_fn10,0.2712592482566833,0.1837815387810196,0.0999896168622157,0.1379601803155522,0.0995746726218005,0.1864265016588255,0.852280462899932,0.7699025596518475,0.9095315894366957,0.0962622088655146,0.0682384206610899,0.1299005657566379,0.2712592482566833,9631,10648,9631,9631,1469,True,0.1837815387810196,0.0999896168622157,0.1379601803155522,0.0995746726218005,0.1864265016588255,0.852280462899932,0.7699025596518475,0.9095315894366957,0.0962622088655146,0.0682384206610899,0.1299005657566379,,True,0.0,0.0,0.0,0.0,0.0,0.0,0.0,0.0,0.0,0.0,0.0,0.0
msalign,top1,tau_cov90,0.0405388325452804,0.9000103831377843,0.8423839684352611,0.9081517655897822,0.885434117951398,0.9283709959941476,0.6429511813901512,0.5883369825277236,0.6944346855454971,0.8658903080390684,0.8323434793529274,0.8937798844201644,0.0405388325452804,9631,10648,9631,9631,9670,True,0.9000103831377843,0.8423839684352611,0.9081517655897822,0.885434117951398,0.9283709959941476,0.6429511813901512,0.5883369825277236,0.6944346855454971,0.8658903080390684,0.8323434793529274,0.8937798844201644,,True,0.0,0.0,0.0,0.0,0.0,0.0,0.0,0.0,0.0,0.0,0.0,0.0
msalign,top1,tau_fn10,0.5994018912315369,0.1931263627868341,0.0999896168622157,0.2127160030052592,0.1616072444679622,0.2661872277908793,0.6843243118972177,0.5434025047281218,0.8234374973358819,0.1316679188580015,0.0895925385777957,0.1799137791597112,0.5994018912315369,9631,10648,9631,9631,2265,True,0.1931263627868341,0.0999896168622157,0.2127160030052592,0.1616072444679622,0.2661872277908793,0.6843243118972177,0.5434025047281218,0.8234374973358819,0.1316679188580015,0.0895925385777957,0.1799137791597112,,True,0.0,0.0,0.0,0.0,0.0,0.0,0.0,0.0,0.0,0.0,0.0,0.0
