pool,rule,method,k,estimate_historical,ci_low_historical,ci_high_historical,n_spectra_historical,n_missing_or_failed_historical,n_molecules_historical,estimate_corrected,ci_low_corrected,ci_high_corrected,n_spectra_corrected,n_missing_or_failed_corrected,n_molecules_corrected,unchanged,estimate_delta,ci_low_delta,ci_high_delta,n_spectra_delta,n_missing_or_failed_delta,n_molecules_delta
expanded1024,expected,deepsets,1,7.62858261101383,5.828085348287277,9.588368452025644,10648,0,1421,7.62858261101383,5.828085348287277,9.588368452025644,10648,0,1421,True,0.0,0.0,0.0,0,0,0
expanded1024,expected,deepsets,5,19.90113842717188,16.761264052992118,23.40196684526685,10648,0,1421,19.90113842717188,16.761264052992118,23.40196684526685,10648,0,1421,True,0.0,0.0,0.0,0,0,0
expanded1024,expected,deepsets,20,39.184257507820554,34.54408344020756,43.65337113407378,10648,0,1421,39.184257507820554,34.54408344020756,43.65337113407378,10648,0,1421,True,0.0,0.0,0.0,0,0,0
expanded1024,expected,embcos,1,23.31182950241893,19.424599042945324,27.43610243011324,10648,0,1421,23.31182950241893,19.424599042945324,27.43610243011324,10648,0,1421,True,0.0,0.0,0.0,0,0,0
expanded1024,expected,embcos,5,45.88194449746233,41.15826721857672,50.46287607601657,10648,0,1421,45.88194449746233,41.15826721857672,50.46287607601657,10648,0,1421,True,0.0,0.0,0.0,0,0,0
expanded1024,expected,embcos,20,66.77426416241921,63.01700706090651,70.35787330135939,10648,0,1421,66.77426416241921,63.01700706090651,70.35787330135939,10648,0,1421,True,0.0,0.0,0.0,0,0,0
expanded1024,expected,fusion,1,19.98595394677313,16.434764871652813,23.731950768579747,10648,0,1421,19.45064215113075,15.946192031389067,23.315589753484876,10648,0,1421,False,-0.5353117956423787,-0.48857284026374614,-0.41636101509487133,0,0,0
expanded1024,expected,fusion,5,43.93239347648474,38.73983025623214,49.121172909133776,10648,0,1421,42.65515831495206,37.56021401785417,47.75566721524259,10648,0,1421,False,-1.2772351615326798,-1.1796162383779674,-1.365505693891187,0,0,0
expanded1024,expected,fusion,20,66.23173175951838,61.12670245632748,71.16851671438916,10648,0,1421,66.26929749956348,61.10029367912288,71.1756935949561,10648,0,1421,False,0.03756574004509616,-0.026408777204601108,0.0071768805669449875,0,0,0
expanded1024,expected,mass,1,1.9420840219298023,1.507337195488487,2.451616465167173,10648,0,1421,1.9420840219298023,1.507337195488487,2.451616465167173,10648,0,1421,True,0.0,0.0,0.0,0,0,0
expanded1024,expected,mass,5,8.174564432327742,6.584560997917537,10.09149207247314,10648,0,1421,8.174564432327742,6.584560997917537,10.09149207247314,10648,0,1421,True,0.0,0.0,0.0,0,0,0
expanded1024,expected,mass,20,20.22109064509803,17.31933689555903,23.32849667940012,10648,0,1421,20.22109064509803,17.31933689555903,23.32849667940012,10648,0,1421,True,0.0,0.0,0.0,0,0,0
expanded1024,expected,msalign,1,19.056201880657422,15.526533133579424,22.801441864706025,10648,0,1421,19.056201880657422,15.526533133579424,22.801441864706025,10648,0,1421,True,0.0,0.0,0.0,0,0,0
expanded1024,expected,msalign,5,41.32548764127312,36.23314755209323,46.61439274239889,10648,0,1421,41.32548764127312,36.23314755209323,46.61439274239889,10648,0,1421,True,0.0,0.0,0.0,0,0,0
expanded1024,expected,msalign,20,63.717519387868,58.39461142291589,68.6583221708423,10648,0,1421,63.717519387868,58.39461142291589,68.6583221708423,10648,0,1421,True,0.0,0.0,0.0,0,0,0
expanded1024,expected,random,1,0.2545559547023859,0.2378986054450425,0.2723525689800615,10648,0,1421,0.2545559547023859,0.2378986054450425,0.2723525689800615,10648,0,1421,True,0.0,0.0,0.0,0,0,0
expanded1024,expected,random,5,1.2727797735119302,1.1894930272252129,1.361762844900308,10648,0,1421,1.2727797735119302,1.1894930272252129,1.361762844900308,10648,0,1421,True,0.0,0.0,0.0,0,0,0
expanded1024,expected,random,20,5.091119094047721,4.7579721089008515,5.447051379601231,10648,0,1421,5.091119094047721,4.7579721089008515,5.447051379601231,10648,0,1421,True,0.0,0.0,0.0,0,0,0
expanded1024,strict,deepsets,1,7.334710743801653,5.489024970355163,9.301784314528398,10648,0,1421,7.334710743801653,5.489024970355163,9.301784314528398,10648,0,1421,True,0.0,0.0,0.0,0,0,0
expanded1024,strict,deepsets,5,18.8580015026296,15.595985817952895,22.503880273716792,10648,0,1421,18.8580015026296,15.595985817952895,22.503880273716792,10648,0,1421,True,0.0,0.0,0.0,0,0,0
expanded1024,strict,deepsets,20,37.27460555972953,32.51068838883311,41.94028236601744,10648,0,1421,37.27460555972953,32.51068838883311,41.94028236601744,10648,0,1421,True,0.0,0.0,0.0,0,0,0
expanded1024,strict,embcos,1,22.501878287002253,18.511525130177308,26.687080459684392,10648,0,1421,22.501878287002253,18.511525130177308,26.687080459684392,10648,0,1421,True,0.0,0.0,0.0,0,0,0
expanded1024,strict,embcos,5,45.07888805409467,40.3010926841078,49.76624552896171,10648,0,1421,45.07888805409467,40.3010926841078,49.76624552896171,10648,0,1421,True,0.0,0.0,0.0,0,0,0
expanded1024,strict,embcos,20,64.67881292261457,59.83074215804064,69.05298894417649,10648,0,1421,64.67881292261457,59.83074215804064,69.05298894417649,10648,0,1421,True,0.0,0.0,0.0,0,0,0
expanded1024,strict,fusion,1,19.318181818181817,15.801891420211566,23.003125323657503,10648,0,1421,18.792261457550712,15.249940056762576,22.56054533715993,10648,0,1421,False,-0.5259203606311047,-0.5519513634489908,-0.4425799864975737,0,0,0
expanded1024,strict,fusion,5,43.06912096168294,37.73092908923974,48.43072922732501,10648,0,1421,41.79188580015026,36.56157008596813,47.00265336607162,10648,0,1421,False,-1.2772351615326798,-1.1693590032716088,-1.4280758612533901,0,0,0
expanded1024,strict,fusion,20,63.87114951164538,57.93230708214021,69.43605634855783,10648,0,1421,63.90871525169046,57.926239748567845,69.47429870162041,10648,0,1421,False,0.03756574004508195,-0.006067333572367772,0.03824235306258572,0,0,0
expanded1024,strict,mass,1,0.3850488354620586,0.1561744434898487,0.7200031330802572,10648,0,1421,0.3850488354620586,0.1561744434898487,0.7200031330802572,10648,0,1421,True,0.0,0.0,0.0,0,0,0
expanded1024,strict,mass,5,3.174305033809166,1.855376575894744,4.859412093452576,10648,0,1421,3.174305033809166,1.855376575894744,4.859412093452576,10648,0,1421,True,0.0,0.0,0.0,0,0,0
expanded1024,strict,mass,20,11.48572501878287,8.730138786037514,14.484795834806386,10648,0,1421,11.48572501878287,8.730138786037514,14.484795834806386,10648,0,1421,True,0.0,0.0,0.0,0,0,0
expanded1024,strict,msalign,1,18.388429752066116,14.85689998912786,22.08235565583017,10648,0,1421,18.388429752066116,14.85689998912786,22.08235565583017,10648,0,1421,True,0.0,0.0,0.0,0,0,0
expanded1024,strict,msalign,5,40.46769346356123,35.20868583070318,45.87818181375765,10648,0,1421,40.46769346356123,35.20868583070318,45.87818181375765,10648,0,1421,True,0.0,0.0,0.0,0,0,0
expanded1024,strict,msalign,20,61.35424492862509,55.31387315004122,66.86154269900992,10648,0,1421,61.35424492862509,55.31387315004122,66.86154269900992,10648,0,1421,True,0.0,0.0,0.0,0,0,0
expanded1024,strict,random,1,0.0,0.0,0.0,10648,0,1421,0.0,0.0,0.0,10648,0,1421,True,0.0,0.0,0.0,0,0,0
expanded1024,strict,random,5,0.0,0.0,0.0,10648,0,1421,0.0,0.0,0.0,10648,0,1421,True,0.0,0.0,0.0,0,0,0
expanded1024,strict,random,20,0.0,0.0,0.0,10648,0,1421,0.0,0.0,0.0,10648,0,1421,True,0.0,0.0,0.0,0,0,0
official_dedup,expected,deepsets,1,13.407426055792191,10.56673139403965,16.524894131841382,10648,0,1421,13.407426055792191,10.56673139403965,16.524894131841382,10648,0,1421,True,0.0,0.0,0.0,0,0,0
official_dedup,expected,deepsets,5,31.33988670540879,27.187850881990144,35.47751870688144,10648,0,1421,31.33988670540879,27.187850881990144,35.47751870688144,10648,0,1421,True,0.0,0.0,0.0,0,0,0
official_dedup,expected,deepsets,20,53.87319361475769,49.35212520782944,57.942057243426405,10648,0,1421,53.87319361475769,49.35212520782944,57.942057243426405,10648,0,1421,True,0.0,0.0,0.0,0,0,0
official_dedup,expected,embcos,1,36.124892988519605,31.583872969480133,40.890912495677526,10648,0,1421,36.124892988519605,31.583872969480133,40.890912495677526,10648,0,1421,True,0.0,0.0,0.0,0,0,0
official_dedup,expected,embcos,5,63.215794359721286,58.44193946324734,67.545618779914,10648,0,1421,63.215794359721286,58.44193946324734,67.545618779914,10648,0,1421,True,0.0,0.0,0.0,0,0,0
official_dedup,expected,embcos,20,82.41405567256197,79.47825325132432,85.14492202423932,10648,0,1421,82.41405567256197,79.47825325132432,85.14492202423932,10648,0,1421,True,0.0,0.0,0.0,0,0,0
official_dedup,expected,fusion,1,35.1766000775019,30.39647139288627,40.220204184278366,10648,0,1421,35.1766000775019,30.39647139288627,40.220204184278366,10648,0,1421,True,0.0,0.0,0.0,0,0,0
official_dedup,expected,fusion,5,64.8330320940655,59.63263927314786,69.87954027373702,10648,0,1421,64.8330320940655,59.63263927314786,69.87954027373702,10648,0,1421,True,0.0,0.0,0.0,0,0,0
official_dedup,expected,fusion,20,86.15897944296444,83.02082431012778,88.96854769796077,10648,0,1421,86.15897944296444,83.02082431012778,88.96854769796077,10648,0,1421,True,0.0,0.0,0.0,0,0,0
official_dedup,expected,mass,1,3.669977521518867,2.936892502712928,4.52221987623499,10648,0,1421,3.669977521518867,2.936892502712928,4.52221987623499,10648,0,1421,True,0.0,0.0,0.0,0,0,0
official_dedup,expected,mass,5,13.324799666590431,11.214284415745448,15.64337723848712,10648,0,1421,13.324799666590431,11.214284415745448,15.64337723848712,10648,0,1421,True,0.0,0.0,0.0,0,0,0
official_dedup,expected,mass,20,31.9644691535888,28.38975265463087,35.466185668444346,10648,0,1421,31.9644691535888,28.38975265463087,35.466185668444346,10648,0,1421,True,0.0,0.0,0.0,0,0,0
official_dedup,expected,msalign,1,33.2231815951578,28.298138578121897,38.42638686128139,10648,0,1421,33.2231815951578,28.298138578121897,38.42638686128139,10648,0,1421,True,0.0,0.0,0.0,0,0,0
official_dedup,expected,msalign,5,61.36680995532271,56.16731501763188,66.34860412925808,10648,0,1421,61.36680995532271,56.16731501763188,66.34860412925808,10648,0,1421,True,0.0,0.0,0.0,0,0,0
official_dedup,expected,msalign,20,83.91560040464738,80.760877563863,86.81638270593533,10648,0,1421,83.91560040464738,80.760877563863,86.81638270593533,10648,0,1421,True,0.0,0.0,0.0,0,0,0
official_dedup,expected,random,1,0.4252912850705322,0.4166595174266892,0.4349154479312136,10648,0,1421,0.4252912850705322,0.4166595174266892,0.4349154479312136,10648,0,1421,True,0.0,0.0,0.0,0,0,0
official_dedup,expected,random,5,2.126456425352661,2.083297587133446,2.174577239656067,10648,0,1421,2.126456425352661,2.083297587133446,2.174577239656067,10648,0,1421,True,0.0,0.0,0.0,0,0,0
official_dedup,expected,random,20,8.505825701410645,8.333190348533781,8.698308958624269,10648,0,1421,8.505825701410645,8.333190348533781,8.698308958624269,10648,0,1421,True,0.0,0.0,0.0,0,0,0
official_dedup,strict,deepsets,1,13.11044327573253,10.271531122695848,16.296928422593215,10648,0,1421,13.11044327573253,10.271531122695848,16.296928422593215,10648,0,1421,True,0.0,0.0,0.0,0,0,0
official_dedup,strict,deepsets,5,30.259203606311047,25.922925299824563,34.72256373406892,10648,0,1421,30.259203606311047,25.922925299824563,34.72256373406892,10648,0,1421,True,0.0,0.0,0.0,0,0,0
official_dedup,strict,deepsets,20,51.953418482344105,47.086535256544586,56.53155538692172,10648,0,1421,51.953418482344105,47.086535256544586,56.53155538692172,10648,0,1421,True,0.0,0.0,0.0,0,0,0
official_dedup,strict,embcos,1,35.358752817430506,30.825137385030565,40.15236851207088,10648,0,1421,35.358752817430506,30.825137385030565,40.15236851207088,10648,0,1421,True,0.0,0.0,0.0,0,0,0
official_dedup,strict,embcos,5,62.3779113448535,57.193690364550854,66.96421373989767,10648,0,1421,62.3779113448535,57.193690364550854,66.96421373989767,10648,0,1421,True,0.0,0.0,0.0,0,0,0
official_dedup,strict,embcos,20,80.32494365138993,75.79161618230938,84.13890379265465,10648,0,1421,80.32494365138993,75.79161618230938,84.13890379265465,10648,0,1421,True,0.0,0.0,0.0,0,0,0
official_dedup,strict,fusion,1,34.56987227648385,29.838090105317317,39.70311007381467,10648,0,1421,34.56987227648385,29.838090105317317,39.70311007381467,10648,0,1421,True,0.0,0.0,0.0,0,0,0
official_dedup,strict,fusion,5,63.927498121713,58.425996089987066,69.17151272828427,10648,0,1421,63.927498121713,58.425996089987066,69.17151272828427,10648,0,1421,True,0.0,0.0,0.0,0,0,0
official_dedup,strict,fusion,20,83.81855747558227,78.94064555043181,88.00560546343259,10648,0,1421,83.81855747558227,78.94064555043181,88.00560546343259,10648,0,1421,True,0.0,0.0,0.0,0,0,0
official_dedup,strict,mass,1,0.7982719759579263,0.4320587631935876,1.2457969908335655,10648,0,1421,0.7982719759579263,0.4320587631935876,1.2457969908335655,10648,0,1421,True,0.0,0.0,0.0,0,0,0
official_dedup,strict,mass,5,6.320435762584522,4.532816792012586,8.39419854654066,10648,0,1421,6.320435762584522,4.532816792012586,8.39419854654066,10648,0,1421,True,0.0,0.0,0.0,0,0,0
official_dedup,strict,mass,20,17.411720510894067,14.198802372565034,20.986063647554033,10648,0,1421,17.411720510894067,14.198802372565034,20.986063647554033,10648,0,1421,True,0.0,0.0,0.0,0,0,0
official_dedup,strict,msalign,1,32.616453794139744,27.575906803062257,38.00184537395411,10648,0,1421,32.616453794139744,27.575906803062257,38.00184537395411,10648,0,1421,True,0.0,0.0,0.0,0,0,0
official_dedup,strict,msalign,5,60.471450037565745,55.01183493492966,65.74394043087823,10648,0,1421,60.471450037565745,55.01183493492966,65.74394043087823,10648,0,1421,True,0.0,0.0,0.0,0,0,0
official_dedup,strict,msalign,20,81.57400450788882,76.84371349895194,85.93863560450676,10648,0,1421,81.57400450788882,76.84371349895194,85.93863560450676,10648,0,1421,True,0.0,0.0,0.0,0,0,0
official_dedup,strict,random,1,0.0,0.0,0.0,10648,0,1421,0.0,0.0,0.0,10648,0,1421,True,0.0,0.0,0.0,0,0,0
official_dedup,strict,random,5,0.0,0.0,0.0,10648,0,1421,0.0,0.0,0.0,10648,0,1421,True,0.0,0.0,0.0,0,0,0
official_dedup,strict,random,20,0.0,0.0,0.0,10648,0,1421,0.0,0.0,0.0,10648,0,1421,True,0.0,0.0,0.0,0,0,0
official_raw,expected,deepsets,1,13.326083382168866,10.483943550323492,16.453238226360764,10648,0,1421,13.326083382168866,10.483943550323492,16.453238226360764,10648,0,1421,True,0.0,0.0,0.0,0,0,0
official_raw,expected,deepsets,5,28.86047252820893,24.836671049314553,32.959178411947015,10648,0,1421,28.86047252820893,24.836671049314553,32.959178411947015,10648,0,1421,True,0.0,0.0,0.0,0,0,0
official_raw,expected,deepsets,20,48.85842617463779,44.579836176435215,53.25395135908738,10648,0,1421,48.85842617463779,44.579836176435215,53.25395135908738,10648,0,1421,True,0.0,0.0,0.0,0,0,0
official_raw,expected,embcos,1,35.95517891560559,31.43305291550097,40.76724654576228,10648,0,1421,35.95517891560559,31.43305291550097,40.76724654576228,10648,0,1421,True,0.0,0.0,0.0,0,0,0
official_raw,expected,embcos,5,60.40219675041563,55.37175835652043,65.01007547593551,10648,0,1421,60.40219675041563,55.37175835652043,65.01007547593551,10648,0,1421,True,0.0,0.0,0.0,0,0,0
official_raw,expected,embcos,20,78.18001087273902,74.20309603289745,81.78007404157995,10648,0,1421,78.18001087273902,74.20309603289745,81.78007404157995,10648,0,1421,True,0.0,0.0,0.0,0,0,0
official_raw,expected,fusion,1,35.02602963644943,30.285156897005848,40.12100607811025,10648,0,1421,35.00796918450468,30.268832057588696,40.08689863402421,10648,0,1421,False,-0.01806045194474848,-0.016324839417151793,-0.03410744408603961,0,0,0
official_raw,expected,fusion,5,61.18758711340042,55.76766872410591,66.45254707539051,10648,0,1421,61.17241633376683,55.7529863637419,66.43455225923601,10648,0,1421,False,-0.015170779633585596,-0.014682360364012936,-0.017994816154498494,0,0,0
official_raw,expected,fusion,20,80.40309868015994,75.91550523319471,84.29025676690325,10648,0,1421,80.37564679320394,75.89185771485474,84.26295402925334,10648,0,1421,False,-0.027451886956001204,-0.023647518339970475,-0.02730273764991864,0,0,0
official_raw,expected,mass,1,3.574290092395918,2.8492956466933546,4.4183033668438965,10648,0,1421,3.574290092395918,2.8492956466933546,4.4183033668438965,10648,0,1421,True,0.0,0.0,0.0,0,0,0
official_raw,expected,mass,5,12.86296172386407,10.758801012020712,15.20005186757018,10648,0,1421,12.86296172386407,10.758801012020712,15.20005186757018,10648,0,1421,True,0.0,0.0,0.0,0,0,0
official_raw,expected,mass,20,30.164048567354936,26.651306150645176,33.62119936959322,10648,0,1421,30.164048567354936,26.651306150645176,33.62119936959322,10648,0,1421,True,0.0,0.0,0.0,0,0,0
official_raw,expected,msalign,1,33.07261115410533,28.13684111323369,38.33890918085146,10648,0,1421,33.07261115410533,28.13684111323369,38.33890918085146,10648,0,1421,True,0.0,0.0,0.0,0,0,0
official_raw,expected,msalign,5,57.890723852694194,52.402853682620346,63.147434915778874,10648,0,1421,57.890723852694194,52.402853682620346,63.147434915778874,10648,0,1421,True,0.0,0.0,0.0,0,0,0
official_raw,expected,msalign,20,78.14822351916393,73.7291776751044,82.19602909825143,10648,0,1421,78.14822351916393,73.7291776751044,82.19602909825143,10648,0,1421,True,0.0,0.0,0.0,0,0,0
official_raw,expected,random,1,0.3986132515535394,0.3938067886017944,0.4044573500586122,10648,0,1421,0.3986132515535394,0.3938067886017944,0.4044573500586122,10648,0,1421,True,0.0,0.0,0.0,0,0,0
official_raw,expected,random,5,1.9930662577676976,1.9690339430089725,2.022286750293061,10648,0,1421,1.9930662577676976,1.9690339430089725,2.022286750293061,10648,0,1421,True,0.0,0.0,0.0,0,0,0
official_raw,expected,random,20,7.97226503107079,7.876135772035889,8.089147001172243,10648,0,1421,7.97226503107079,7.876135772035889,8.089147001172243,10648,0,1421,True,0.0,0.0,0.0,0,0,0
official_raw,strict,deepsets,1,13.11044327573253,10.271531122695848,16.296928422593215,10648,0,1421,13.11044327573253,10.271531122695848,16.296928422593215,10648,0,1421,True,0.0,0.0,0.0,0,0,0
official_raw,strict,deepsets,5,27.920736288504884,23.72405948575101,32.15132568654549,10648,0,1421,27.920736288504884,23.72405948575101,32.15132568654549,10648,0,1421,True,0.0,0.0,0.0,0,0,0
official_raw,strict,deepsets,20,46.93839218632607,42.01436438337092,51.69348367762887,10648,0,1421,46.93839218632607,42.01436438337092,51.69348367762887,10648,0,1421,True,0.0,0.0,0.0,0,0,0
official_raw,strict,embcos,1,35.358752817430506,30.825137385030565,40.15236851207088,10648,0,1421,35.358752817430506,30.825137385030565,40.15236851207088,10648,0,1421,True,0.0,0.0,0.0,0,0,0
official_raw,strict,embcos,5,59.31630353117956,54.06452175926852,64.23434794377083,10648,0,1421,59.31630353117956,54.06452175926852,64.23434794377083,10648,0,1421,True,0.0,0.0,0.0,0,0,0
official_raw,strict,embcos,20,76.83132982719759,72.01863118737529,81.14578444986941,10648,0,1421,76.83132982719759,72.01863118737529,81.14578444986941,10648,0,1421,True,0.0,0.0,0.0,0,0,0
official_raw,strict,fusion,1,34.56987227648385,29.838090105317317,39.70311007381467,10648,0,1421,34.55108940646131,29.814590090819028,39.69158019984396,10648,0,1421,False,-0.018782870022540976,-0.02350001449828909,-0.011529873970708593,0,0,0
official_raw,strict,fusion,5,60.06761833208114,54.409877673382645,65.61674402895832,10648,0,1421,60.048835462058605,54.36960139168944,65.60670908012881,10648,0,1421,False,-0.01878287002253387,-0.04027628169320252,-0.010034948829513723,0,0,0
official_raw,strict,fusion,20,78.92561983471074,73.50481637390338,83.64098862931809,10648,0,1421,78.90683696468821,73.49198902999693,83.6404150275673,10648,0,1421,False,-0.01878287002253387,-0.01282734390645146,-0.0005736017507871338,0,0,0
official_raw,strict,mass,1,0.7982719759579263,0.4320587631935876,1.2457969908335655,10648,0,1421,0.7982719759579263,0.4320587631935876,1.2457969908335655,10648,0,1421,True,0.0,0.0,0.0,0,0,0
official_raw,strict,mass,5,6.301652892561983,4.5049394268348335,8.375458527074944,10648,0,1421,6.301652892561983,4.5049394268348335,8.375458527074944,10648,0,1421,True,0.0,0.0,0.0,0,0,0
official_raw,strict,mass,20,16.003005259203608,12.794377804790413,19.388659926768227,10648,0,1421,16.003005259203608,12.794377804790413,19.388659926768227,10648,0,1421,True,0.0,0.0,0.0,0,0,0
official_raw,strict,msalign,1,32.616453794139744,27.575906803062257,38.00184537395411,10648,0,1421,32.616453794139744,27.575906803062257,38.00184537395411,10648,0,1421,True,0.0,0.0,0.0,0,0,0
official_raw,strict,msalign,5,56.77122464312547,51.09680614530416,62.25701581443435,10648,0,1421,56.77122464312547,51.09680614530416,62.25701581443435,10648,0,1421,True,0.0,0.0,0.0,0,0,0
official_raw,strict,msalign,20,76.68106686701728,71.3240457438014,81.45338207926629,10648,0,1421,76.68106686701728,71.3240457438014,81.45338207926629,10648,0,1421,True,0.0,0.0,0.0,0,0,0
official_raw,strict,random,1,0.0,0.0,0.0,10648,0,1421,0.0,0.0,0.0,10648,0,1421,True,0.0,0.0,0.0,0,0,0
official_raw,strict,random,5,0.0,0.0,0.0,10648,0,1421,0.0,0.0,0.0,10648,0,1421,True,0.0,0.0,0.0,0,0,0
official_raw,strict,random,20,0.0,0.0,0.0,10648,0,1421,0.0,0.0,0.0,10648,0,1421,True,0.0,0.0,0.0,0,0,0
sub16,expected,deepsets,1,40.955891560230405,36.477940338132214,45.43433242595209,10648,0,1421,40.955891560230405,36.477940338132214,45.43433242595209,10648,0,1421,True,0.0,0.0,0.0,0,0,0
sub16,expected,deepsets,5,73.87783531895103,69.85939906108166,77.42512353501641,10648,0,1421,73.87783531895103,69.85939906108166,77.42512353501641,10648,0,1421,True,0.0,0.0,0.0,0,0,0
sub16,expected,deepsets,20,100.0,100.0,100.0,10648,0,1421,100.0,100.0,100.0,10648,0,1421,True,0.0,0.0,0.0,0,0,0
sub16,expected,embcos,1,69.40075936460234,65.29171428344912,73.4757449714731,10648,0,1421,69.40075936460234,65.29171428344912,73.4757449714731,10648,0,1421,True,0.0,0.0,0.0,0,0,0
sub16,expected,embcos,5,93.77236055955063,92.44869778119931,94.96809930867067,10648,0,1421,93.77236055955063,92.44869778119931,94.96809930867067,10648,0,1421,True,0.0,0.0,0.0,0,0,0
sub16,expected,embcos,20,100.0,100.0,100.0,10648,0,1421,100.0,100.0,100.0,10648,0,1421,True,0.0,0.0,0.0,0,0,0
sub16,expected,fusion,1,71.56000679761011,66.75000947653163,76.27295063491987,10648,0,1421,72.99689635433437,68.49215188798725,77.59128136327804,10648,0,1421,False,1.4368895567242532,1.7421424114556174,1.3183307283581769,0,0,0
sub16,expected,fusion,5,96.20943794497514,94.61042562237128,97.51257564350654,10648,0,1421,97.30354012378804,95.79185259301812,98.46754152624057,10648,0,1421,False,1.0941021788129035,1.1814269706468394,0.9549658827340295,0,0,0
sub16,expected,fusion,20,100.0,100.0,100.0,10648,0,1421,100.0,100.0,100.0,10648,0,1421,True,0.0,0.0,0.0,0,0,0
sub16,expected,mass,1,23.416050489914124,20.552892974398286,26.398061991511657,10648,0,1421,23.416050489914124,20.552892974398286,26.398061991511657,10648,0,1421,True,0.0,0.0,0.0,0,0,0
sub16,expected,mass,5,62.508104295529165,58.38863749065363,66.3505596364071,10648,0,1421,62.508104295529165,58.38863749065363,66.3505596364071,10648,0,1421,True,0.0,0.0,0.0,0,0,0
sub16,expected,mass,20,100.0,100.0,100.0,10648,0,1421,100.0,100.0,100.0,10648,0,1421,True,0.0,0.0,0.0,0,0,0
sub16,expected,msalign,1,69.21214804479267,64.45547674118035,73.98128548238519,10648,0,1421,69.21214804479267,64.45547674118035,73.98128548238519,10648,0,1421,True,0.0,0.0,0.0,0,0,0
sub16,expected,msalign,5,94.4532395978677,92.64206369781355,95.94586555244612,10648,0,1421,94.4532395978677,92.64206369781355,95.94586555244612,10648,0,1421,True,0.0,0.0,0.0,0,0,0
sub16,expected,msalign,20,100.0,100.0,100.0,10648,0,1421,100.0,100.0,100.0,10648,0,1421,True,0.0,0.0,0.0,0,0,0
sub16,expected,random,1,6.25,6.25,6.25,10648,0,1421,6.25,6.25,6.25,10648,0,1421,True,0.0,0.0,0.0,0,0,0
sub16,expected,random,5,31.25,31.25,31.25,10648,0,1421,31.25,31.25,31.25,10648,0,1421,True,0.0,0.0,0.0,0,0,0
sub16,expected,random,20,100.0,100.0,100.0,10648,0,1421,100.0,100.0,100.0,10648,0,1421,True,0.0,0.0,0.0,0,0,0
sub16,strict,deepsets,1,39.613072877535686,34.88640205364525,44.6175081118497,10648,0,1421,39.613072877535686,34.88640205364525,44.6175081118497,10648,0,1421,True,0.0,0.0,0.0,0,0,0
sub16,strict,deepsets,5,73.85424492862509,69.81191253469594,77.41337347398655,10648,0,1421,73.85424492862509,69.81191253469594,77.41337347398655,10648,0,1421,True,0.0,0.0,0.0,0,0,0
sub16,strict,deepsets,20,100.0,100.0,100.0,10648,0,1421,100.0,100.0,100.0,10648,0,1421,True,0.0,0.0,0.0,0,0,0
sub16,strict,embcos,1,68.47295266716755,63.77771579671199,72.88250399587835,10648,0,1421,68.47295266716755,63.77771579671199,72.88250399587835,10648,0,1421,True,0.0,0.0,0.0,0,0,0
sub16,strict,embcos,5,93.75469571750564,92.4342126291463,94.94527735684323,10648,0,1421,93.75469571750564,92.4342126291463,94.94527735684323,10648,0,1421,True,0.0,0.0,0.0,0,0,0
sub16,strict,embcos,20,100.0,100.0,100.0,10648,0,1421,100.0,100.0,100.0,10648,0,1421,True,0.0,0.0,0.0,0,0,0
sub16,strict,fusion,1,70.67993989481593,65.53504357131746,75.78664627171885,10648,0,1421,72.1168294515402,67.1535266574039,77.09949263268527,10648,0,1421,False,1.4368895567242674,1.6184830860864423,1.312846360966418,0,0,0
sub16,strict,fusion,5,96.19646882043575,94.59353463369416,97.50669110295696,10648,0,1421,97.29526671675433,95.78349889689784,98.46026959278576,10648,0,1421,False,1.0987978963185725,1.1899642632036773,0.9535784898288,0,0,0
sub16,strict,fusion,20,100.0,100.0,100.0,10648,0,1421,100.0,100.0,100.0,10648,0,1421,True,0.0,0.0,0.0,0,0,0
sub16,strict,mass,1,12.932006010518409,10.238418958421668,15.895250157020532,10648,0,1421,12.932006010518409,10.238418958421668,15.895250157020532,10648,0,1421,True,0.0,0.0,0.0,0,0,0
sub16,strict,mass,5,40.42073628850488,35.33985184976359,45.47697710838954,10648,0,1421,40.42073628850488,35.33985184976359,45.47697710838954,10648,0,1421,True,0.0,0.0,0.0,0,0,0
sub16,strict,mass,20,100.0,100.0,100.0,10648,0,1421,100.0,100.0,100.0,10648,0,1421,True,0.0,0.0,0.0,0,0,0
sub16,strict,msalign,1,68.3320811419985,63.12071147233003,73.58535646024087,10648,0,1421,68.3320811419985,63.12071147233003,73.58535646024087,10648,0,1421,True,0.0,0.0,0.0,0,0,0
sub16,strict,msalign,5,94.44027047332833,92.62644937226014,95.92917354278568,10648,0,1421,94.44027047332833,92.62644937226014,95.92917354278568,10648,0,1421,True,0.0,0.0,0.0,0,0,0
sub16,strict,msalign,20,100.0,100.0,100.0,10648,0,1421,100.0,100.0,100.0,10648,0,1421,True,0.0,0.0,0.0,0,0,0
sub16,strict,random,1,0.0,0.0,0.0,10648,0,1421,0.0,0.0,0.0,10648,0,1421,True,0.0,0.0,0.0,0,0,0
sub16,strict,random,5,0.0,0.0,0.0,10648,0,1421,0.0,0.0,0.0,10648,0,1421,True,0.0,0.0,0.0,0,0,0
sub16,strict,random,20,100.0,100.0,100.0,10648,0,1421,100.0,100.0,100.0,10648,0,1421,True,0.0,0.0,0.0,0,0,0
sub64,expected,deepsets,1,24.021983646820537,20.5029915070678,27.673722864364937,10648,0,1421,24.021983646820537,20.5029915070678,27.673722864364937,10648,0,1421,True,0.0,0.0,0.0,0,0,0
sub64,expected,deepsets,5,51.84138580234709,47.39920001045277,56.19805163951575,10648,0,1421,51.84138580234709,47.39920001045277,56.19805163951575,10648,0,1421,True,0.0,0.0,0.0,0,0,0
sub64,expected,deepsets,20,74.95191993597491,71.28070584080444,78.1487819525832,10648,0,1421,74.95191993597491,71.28070584080444,78.1487819525832,10648,0,1421,True,0.0,0.0,0.0,0,0,0
sub64,expected,embcos,1,53.85553747471501,48.8876320089311,58.53448069974614,10648,0,1421,53.85553747471501,48.8876320089311,58.53448069974614,10648,0,1421,True,0.0,0.0,0.0,0,0,0
sub64,expected,embcos,5,80.41972500192462,77.07097850573832,83.34089379125959,10648,0,1421,80.41972500192462,77.07097850573832,83.34089379125959,10648,0,1421,True,0.0,0.0,0.0,0,0,0
sub64,expected,embcos,20,94.2455819423121,92.6784825773424,95.53372453031082,10648,0,1421,94.2455819423121,92.6784825773424,95.53372453031082,10648,0,1421,True,0.0,0.0,0.0,0,0,0
sub64,expected,fusion,1,54.90847386339519,49.57281453323843,60.12667483706803,10648,0,1421,55.77248588443201,50.57803451574223,60.93684959834753,10648,0,1421,False,0.864012021036821,1.005219982503803,0.8101747612794981,0,0,0
sub64,expected,fusion,5,84.2409042531142,80.74916116526364,87.37754459413554,10648,0,1421,86.04405977527799,82.80725565473365,88.90871989854917,10648,0,1421,False,1.8031555221637916,2.058094489470008,1.5311753044136225,0,0,0
sub64,expected,fusion,20,97.03988603697776,95.5705948022768,98.18500799520493,10648,0,1421,97.80998370790188,96.47070870655354,98.77187319895222,10648,0,1421,False,0.7700976709241161,0.9001139042767363,0.5868652037472941,0,0,0
sub64,expected,mass,1,10.55794850765168,8.712100747957859,12.589394444756367,10648,0,1421,10.55794850765168,8.712100747957859,12.589394444756367,10648,0,1421,True,0.0,0.0,0.0,0,0,0
sub64,expected,mass,5,30.69248713459851,27.146201204095416,34.212020037698785,10648,0,1421,30.69248713459851,27.146201204095416,34.212020037698785,10648,0,1421,True,0.0,0.0,0.0,0,0,0
sub64,expected,mass,20,64.52716782112282,60.49577281542036,68.42164626133791,10648,0,1421,64.52716782112282,60.49577281542036,68.42164626133791,10648,0,1421,True,0.0,0.0,0.0,0,0,0
sub64,expected,msalign,1,52.06286905498047,46.86736686704791,57.362270358537856,10648,0,1421,52.06286905498047,46.86736686704791,57.362270358537856,10648,0,1421,True,0.0,0.0,0.0,0,0,0
sub64,expected,msalign,5,81.42347374973328,77.70366339574247,84.6899068334942,10648,0,1421,81.42347374973328,77.70366339574247,84.6899068334942,10648,0,1421,True,0.0,0.0,0.0,0,0,0
sub64,expected,msalign,20,95.68751939535493,94.0536080683736,97.01207949782902,10648,0,1421,95.68751939535493,94.0536080683736,97.01207949782902,10648,0,1421,True,0.0,0.0,0.0,0,0,0
sub64,expected,random,1,1.5631009400379234,1.5625,1.5644842606438367,10648,0,1421,1.5631009400379234,1.5625,1.5644842606438367,10648,0,1421,True,0.0,0.0,0.0,0,0,0
sub64,expected,random,5,7.815504700189617,7.8125,7.822421303219183,10648,0,1421,7.815504700189617,7.8125,7.822421303219183,10648,0,1421,True,0.0,0.0,0.0,0,0,0
sub64,expected,random,20,31.26201880075847,31.25,31.289685212876737,10648,0,1421,31.26201880075847,31.25,31.289685212876737,10648,0,1421,True,0.0,0.0,0.0,0,0,0
sub64,strict,deepsets,1,23.159278737791137,19.614254446697384,26.894814746761423,10648,0,1421,23.159278737791137,19.614254446697384,26.894814746761423,10648,0,1421,True,0.0,0.0,0.0,0,0,0
sub64,strict,deepsets,5,51.13636363636363,46.69830595952443,55.499925206013025,10648,0,1421,51.13636363636363,46.69830595952443,55.499925206013025,10648,0,1421,True,0.0,0.0,0.0,0,0,0
sub64,strict,deepsets,20,74.93425995492112,71.24897132424202,78.13616932279959,10648,0,1421,74.93425995492112,71.24897132424202,78.13616932279959,10648,0,1421,True,0.0,0.0,0.0,0,0,0
sub64,strict,embcos,1,52.74229902329076,47.506466717806816,57.74415444601579,10648,0,1421,52.74229902329076,47.506466717806816,57.74415444601579,10648,0,1421,True,0.0,0.0,0.0,0,0,0
sub64,strict,embcos,5,79.84598046581517,76.27386319737461,82.93962066208243,10648,0,1421,79.84598046581517,76.27386319737461,82.93962066208243,10648,0,1421,True,0.0,0.0,0.0,0,0,0
sub64,strict,embcos,20,94.23365890308038,92.67092628350872,95.51614534630892,10648,0,1421,94.23365890308038,92.67092628350872,95.51614534630892,10648,0,1421,True,0.0,0.0,0.0,0,0,0
sub64,strict,fusion,1,53.84109691960932,48.45209879315192,59.29175460126041,10648,0,1421,54.69571750563485,49.31169772796332,60.06275083064391,10648,0,1421,False,0.8546205860255327,0.8595989348114017,0.7709962293834991,0,0,0
sub64,strict,fusion,5,83.3771600300526,79.46953753496975,86.77049721684746,10648,0,1421,85.18031555221638,81.44000898567212,88.3345082179014,10648,0,1421,False,1.8031555221637916,1.9704714507023766,1.5640110010539416,0,0,0
sub64,strict,fusion,20,97.0229151014275,95.5570746747458,98.17409303824822,10648,0,1421,97.79301277235162,96.45712236913369,98.76002829843368,10648,0,1421,False,0.7700976709241161,0.9000476943878795,0.5859352601854653,0,0,0
sub64,strict,mass,1,5.033809166040571,3.397469487814635,6.878518616033218,10648,0,1421,5.033809166040571,3.397469487814635,6.878518616033218,10648,0,1421,True,0.0,0.0,0.0,0,0,0
sub64,strict,mass,5,17.768595041322314,14.32142261708282,21.36579604020458,10648,0,1421,17.768595041322314,14.32142261708282,21.36579604020458,10648,0,1421,True,0.0,0.0,0.0,0,0,0
sub64,strict,mass,20,43.15364387678437,37.759327933565814,48.2831851544878,10648,0,1421,43.15364387678437,37.759327933565814,48.2831851544878,10648,0,1421,True,0.0,0.0,0.0,0,0,0
sub64,strict,msalign,1,50.995492111194594,45.41051715517584,56.49923225066927,10648,0,1421,50.995492111194594,45.41051715517584,56.49923225066927,10648,0,1421,True,0.0,0.0,0.0,0,0,0
sub64,strict,msalign,5,80.55972952667167,76.45915351077635,84.17397422824668,10648,0,1421,80.55972952667167,76.45915351077635,84.17397422824668,10648,0,1421,True,0.0,0.0,0.0,0,0,0
sub64,strict,msalign,20,95.67054845980466,94.01224444589754,96.9884824452679,10648,0,1421,95.67054845980466,94.01224444589754,96.9884824452679,10648,0,1421,True,0.0,0.0,0.0,0,0,0
sub64,strict,random,1,0.0,0.0,0.0,10648,0,1421,0.0,0.0,0.0,10648,0,1421,True,0.0,0.0,0.0,0,0,0
sub64,strict,random,5,0.0,0.0,0.0,10648,0,1421,0.0,0.0,0.0,10648,0,1421,True,0.0,0.0,0.0,0,0,0
sub64,strict,random,20,0.0,0.0,0.0,10648,0,1421,0.0,0.0,0.0,10648,0,1421,True,0.0,0.0,0.0,0,0,0
