contrast,a,b,pool,rule,k,primary,estimate,ci_low,ci_high
C1,msalign,mass,official_raw,expected,1,False,29.498321061709408,24.58275164958189,34.80503150813847
C1,msalign,mass,official_raw,expected,5,False,45.027762128830126,39.13661156004664,50.929724496658665
C1,msalign,mass,official_raw,expected,20,False,47.984174951808996,42.36788247415506,53.46524724690137
C2,msalign,embcos,official_raw,expected,1,False,-2.8825677615002654,-7.630743893328659,2.542156490703407
C2,msalign,embcos,official_raw,expected,5,False,-2.511472897721434,-5.754692178043454,0.525077155744958
C2,msalign,embcos,official_raw,expected,20,False,-0.031787353575085664,-2.9254715795050528,2.7778263251910964
C3,deepsets,mass,official_raw,expected,1,False,9.751793289772948,6.964634853200663,12.752939993260165
C3,deepsets,mass,official_raw,expected,5,False,15.997510804344861,11.651562273298104,20.34951263553439
C3,deepsets,mass,official_raw,expected,20,False,18.69437760728286,13.218645935112635,23.83204664970786
C1,msalign,mass,official_raw,strict,1,False,31.818181818181817,26.793669420182475,37.26047487823282
C1,msalign,mass,official_raw,strict,5,False,50.46957175056349,44.40317502175113,56.50321187232553
C1,msalign,mass,official_raw,strict,20,False,60.678061607813675,54.475979494862,66.33834955442255
C2,msalign,embcos,official_raw,strict,1,False,-2.742299023290762,-7.445507686211313,2.753747378458167
C2,msalign,embcos,official_raw,strict,5,False,-2.5450788880540864,-5.795160221702905,0.44258038422786755
C2,msalign,embcos,official_raw,strict,20,False,-0.15026296018031404,-3.015778712593822,2.6643102424551075
C3,deepsets,mass,official_raw,strict,1,False,12.312171299774604,9.520800414016664,15.491628364128191
C3,deepsets,mass,official_raw,strict,5,False,21.6190833959429,17.251022772126642,26.126980901066222
C3,deepsets,mass,official_raw,strict,20,False,30.935386927122465,25.4452102042566,36.093707078123245
C1,msalign,mass,official_dedup,expected,1,False,29.553204073638927,24.654111816107783,34.82959015400613
C1,msalign,mass,official_dedup,expected,5,True,48.04201028873227,42.1948728508161,53.59059893064059
C1,msalign,mass,official_dedup,expected,20,False,51.95113125105857,46.52733997282364,57.007685937448635
C2,msalign,embcos,official_dedup,expected,1,False,-2.9017113933618113,-7.657218098598722,2.523353682206291
C2,msalign,embcos,official_dedup,expected,5,True,-1.8489844043985793,-5.189181516923048,1.3519420039817518
C2,msalign,embcos,official_dedup,expected,20,False,1.5015447320854025,-1.3625460057386065,4.143512773719651
C3,deepsets,mass,official_dedup,expected,1,False,9.737448534273327,6.935125267029653,12.759784178796554
C3,deepsets,mass,official_dedup,expected,5,True,18.015087038818358,13.39907431556325,22.491975552207467
C3,deepsets,mass,official_dedup,expected,20,False,21.908724461168887,16.08451391381119,27.5034674924251
C1,msalign,mass,official_dedup,strict,1,False,31.818181818181817,26.793669420182475,37.26047487823282
C1,msalign,mass,official_dedup,strict,5,False,54.15101427498122,48.23336859384359,59.742292243544746
C1,msalign,mass,official_dedup,strict,20,False,64.16228399699474,58.429862017027645,69.47003409264761
C2,msalign,embcos,official_dedup,strict,1,False,-2.742299023290762,-7.445507686211313,2.753747378458167
C2,msalign,embcos,official_dedup,strict,5,False,-1.9064613072877545,-5.257481136560747,1.2734969080515401
C2,msalign,embcos,official_dedup,strict,20,False,1.2490608564988737,-1.6326501109990434,3.889804205560885
C3,deepsets,mass,official_dedup,strict,1,False,12.312171299774604,9.520800414016664,15.491628364128191
C3,deepsets,mass,official_dedup,strict,5,False,23.938767843726524,19.406971545639117,28.568914153899748
C3,deepsets,mass,official_dedup,strict,20,False,34.541697971450034,29.060673263687153,39.836141995674794
C1,msalign,mass,sub16,expected,1,False,45.79609755487855,40.37070477956276,51.36803009925733
C1,msalign,mass,sub16,expected,5,False,31.945135302338535,27.293638974058247,36.71263319344806
C1,msalign,mass,sub16,expected,20,False,0.0,0.0,0.0
C2,msalign,embcos,sub16,expected,1,False,-0.18861131980966173,-3.714000668199439,3.1588516560052833
C2,msalign,embcos,sub16,expected,5,False,0.6808790383170615,-0.885298045993366,2.1053856075930786
C2,msalign,embcos,sub16,expected,20,False,0.0,0.0,0.0
C3,deepsets,mass,sub16,expected,1,False,17.53984107031628,12.130132267906495,23.1168403433598
C3,deepsets,mass,sub16,expected,5,False,11.369731023421858,5.653462598635778,17.174343719638273
C3,deepsets,mass,sub16,expected,20,False,0.0,0.0,0.0
C1,msalign,mass,sub16,strict,1,False,55.4000751314801,49.78583901790139,61.14283051108714
C1,msalign,mass,sub16,strict,5,False,54.019534184823435,48.27217008501003,59.6653367390233
C1,msalign,mass,sub16,strict,20,False,0.0,0.0,0.0
C2,msalign,embcos,sub16,strict,1,False,-0.14087152516903956,-3.636806362802867,3.1986980613346447
C2,msalign,embcos,sub16,strict,5,False,0.6855747558226932,-0.8787274655935479,2.1101187485240684
C2,msalign,embcos,sub16,strict,20,False,0.0,0.0,0.0
C3,deepsets,mass,sub16,strict,1,False,26.68106686701728,21.32917411262788,32.018224363628306
C3,deepsets,mass,sub16,strict,5,False,33.43350864012021,27.01064213255217,40.09857225181845
C3,deepsets,mass,sub16,strict,20,False,0.0,0.0,0.0
C1,msalign,mass,sub64,expected,1,False,41.50492054732879,35.78843902557142,47.2250068736571
C1,msalign,mass,sub64,expected,5,False,50.73098661513477,44.93746109340229,55.88957642111526
C1,msalign,mass,sub64,expected,20,False,31.160351574232102,26.830272809687827,35.79411837972627
C2,msalign,embcos,sub64,expected,1,False,-1.7926684197345444,-5.401977554608798,1.4449663244164221
C2,msalign,embcos,sub64,expected,5,False,1.0037487478086526,-2.1691360465970506,4.056201877263968
C2,msalign,embcos,sub64,expected,20,False,1.4419374530428297,-0.09376278610648381,2.950827067043582
C3,deepsets,mass,sub64,expected,1,False,13.464035139168857,9.687805741048596,17.32820019599286
C3,deepsets,mass,sub64,expected,5,False,21.148898667748572,15.203725044500747,26.812715309133594
C3,deepsets,mass,sub64,expected,20,False,10.424752114852097,5.016091259119316,16.00828864345649
C1,msalign,mass,sub64,strict,1,False,45.961682945154024,40.133513163073204,51.78741339096299
C1,msalign,mass,sub64,strict,5,False,62.79113448534937,56.94774511717079,67.94812729069994
C1,msalign,mass,sub64,strict,20,False,52.5169045830203,47.15229719802328,58.39625554428051
C2,msalign,embcos,sub64,strict,1,False,-1.746806912096166,-5.317771269294133,1.4898057408820629
C2,msalign,embcos,sub64,strict,5,False,0.7137490608564945,-2.5207997903993222,3.778742638939999
C2,msalign,embcos,sub64,strict,20,False,1.4368895567242745,-0.09091548054240227,2.9290937854694707
C3,deepsets,mass,sub64,strict,1,False,18.125469571750564,14.424870965468056,22.216894386796117
C3,deepsets,mass,sub64,strict,5,False,33.367768595041326,27.416860088321897,39.08785750975083
C3,deepsets,mass,sub64,strict,20,False,31.78061607813674,25.445600799008716,38.27687628147964
C1,msalign,mass,expanded1024,expected,1,False,17.114117858727624,13.607269113368284,20.759654041825346
C1,msalign,mass,expanded1024,expected,5,False,33.15092320894538,27.639885381141717,38.808774997385356
C1,msalign,mass,expanded1024,expected,20,False,43.49642874276997,37.90766627475678,48.895569878537074
C2,msalign,embcos,expanded1024,expected,1,False,-4.255627621761507,-8.073692678485283,-0.11765068439245595
C2,msalign,embcos,expanded1024,expected,5,False,-4.556456856189206,-7.953113938926783,-1.1928028950619645
C2,msalign,embcos,expanded1024,expected,20,False,-3.056744774551212,-7.49806517531492,0.9414588189576307
C3,deepsets,mass,expanded1024,expected,1,False,5.686498589084028,3.9091528157457507,7.553503220539939
C3,deepsets,mass,expanded1024,expected,5,False,11.726573994844138,8.390518515200899,15.093750644976495
C3,deepsets,mass,expanded1024,expected,20,False,18.96316686272252,13.716477750390549,24.200584586101783
C1,msalign,mass,expanded1024,strict,1,False,18.003380916604055,14.470233306910238,21.725983080273043
C1,msalign,mass,expanded1024,strict,5,False,37.29338842975206,31.677536697018464,43.053981592648654
C1,msalign,mass,expanded1024,strict,20,False,49.86851990984222,43.81954635889682,55.66043604758438
C2,msalign,embcos,expanded1024,strict,1,False,-4.113448534936137,-7.923172049360561,0.017973465706750312
C2,msalign,embcos,expanded1024,strict,5,False,-4.611194590533435,-8.020485742234433,-1.2285797484414127
C2,msalign,embcos,expanded1024,strict,20,False,-3.32456799398948,-7.686771855059398,0.658363530537052
C3,deepsets,mass,expanded1024,strict,1,False,6.949661908339595,5.1136618888577665,8.956717857465806
C3,deepsets,mass,expanded1024,strict,5,False,15.683696468820434,12.223279163222767,19.219886341523505
C3,deepsets,mass,expanded1024,strict,20,False,25.788880540946657,20.54557695136296,30.851435204113397
