contrast,a_historical,b_historical,pool,rule,k,primary_historical,estimate_historical,ci_low_historical,ci_high_historical,a_corrected,b_corrected,primary_corrected,estimate_corrected,ci_low_corrected,ci_high_corrected,unchanged,estimate_delta,ci_low_delta,ci_high_delta
C1,msalign,mass,expanded1024,expected,1,False,17.114117858727624,13.607269113368284,20.759654041825343,msalign,mass,False,17.114117858727624,13.607269113368284,20.759654041825343,True,0.0,0.0,0.0
C1,msalign,mass,expanded1024,expected,5,False,33.15092320894538,27.639885381141717,38.80877499738536,msalign,mass,False,33.15092320894538,27.639885381141717,38.80877499738536,True,0.0,0.0,0.0
C1,msalign,mass,expanded1024,expected,20,False,43.49642874276997,37.90766627475678,48.895569878537074,msalign,mass,False,43.49642874276997,37.90766627475678,48.895569878537074,True,0.0,0.0,0.0
C1,msalign,mass,expanded1024,strict,1,False,18.003380916604055,14.470233306910238,21.725983080273043,msalign,mass,False,18.003380916604055,14.470233306910238,21.725983080273043,True,0.0,0.0,0.0
C1,msalign,mass,expanded1024,strict,5,False,37.29338842975206,31.677536697018464,43.053981592648654,msalign,mass,False,37.29338842975206,31.677536697018464,43.053981592648654,True,0.0,0.0,0.0
C1,msalign,mass,expanded1024,strict,20,False,49.86851990984222,43.81954635889682,55.66043604758438,msalign,mass,False,49.86851990984222,43.81954635889682,55.66043604758438,True,0.0,0.0,0.0
C1,msalign,mass,official_dedup,expected,1,False,29.553204073638927,24.654111816107783,34.82959015400613,msalign,mass,False,29.553204073638927,24.654111816107783,34.82959015400613,True,0.0,0.0,0.0
C1,msalign,mass,official_dedup,expected,5,True,48.04201028873227,42.1948728508161,53.59059893064059,msalign,mass,True,48.04201028873227,42.1948728508161,53.59059893064059,True,0.0,0.0,0.0
C1,msalign,mass,official_dedup,expected,20,False,51.95113125105857,46.52733997282364,57.007685937448635,msalign,mass,False,51.95113125105857,46.52733997282364,57.007685937448635,True,0.0,0.0,0.0
C1,msalign,mass,official_dedup,strict,1,False,31.818181818181817,26.793669420182475,37.26047487823282,msalign,mass,False,31.818181818181817,26.793669420182475,37.26047487823282,True,0.0,0.0,0.0
C1,msalign,mass,official_dedup,strict,5,False,54.15101427498122,48.23336859384359,59.742292243544746,msalign,mass,False,54.15101427498122,48.23336859384359,59.742292243544746,True,0.0,0.0,0.0
C1,msalign,mass,official_dedup,strict,20,False,64.16228399699474,58.429862017027645,69.47003409264761,msalign,mass,False,64.16228399699474,58.429862017027645,69.47003409264761,True,0.0,0.0,0.0
C1,msalign,mass,official_raw,expected,1,False,29.498321061709408,24.58275164958189,34.80503150813847,msalign,mass,False,29.498321061709408,24.58275164958189,34.80503150813847,True,0.0,0.0,0.0
C1,msalign,mass,official_raw,expected,5,False,45.027762128830126,39.13661156004664,50.929724496658665,msalign,mass,False,45.027762128830126,39.13661156004664,50.929724496658665,True,0.0,0.0,0.0
C1,msalign,mass,official_raw,expected,20,False,47.984174951808996,42.36788247415506,53.46524724690137,msalign,mass,False,47.984174951808996,42.36788247415506,53.46524724690137,True,0.0,0.0,0.0
C1,msalign,mass,official_raw,strict,1,False,31.818181818181817,26.793669420182475,37.26047487823282,msalign,mass,False,31.818181818181817,26.793669420182475,37.26047487823282,True,0.0,0.0,0.0
C1,msalign,mass,official_raw,strict,5,False,50.46957175056349,44.40317502175113,56.50321187232553,msalign,mass,False,50.46957175056349,44.40317502175113,56.50321187232553,True,0.0,0.0,0.0
C1,msalign,mass,official_raw,strict,20,False,60.678061607813675,54.475979494862,66.33834955442255,msalign,mass,False,60.678061607813675,54.475979494862,66.33834955442255,True,0.0,0.0,0.0
C1,msalign,mass,sub16,expected,1,False,45.79609755487855,40.37070477956276,51.36803009925733,msalign,mass,False,45.79609755487855,40.37070477956276,51.36803009925733,True,0.0,0.0,0.0
C1,msalign,mass,sub16,expected,5,False,31.945135302338535,27.293638974058247,36.71263319344806,msalign,mass,False,31.945135302338535,27.293638974058247,36.71263319344806,True,0.0,0.0,0.0
C1,msalign,mass,sub16,expected,20,False,0.0,0.0,0.0,msalign,mass,False,0.0,0.0,0.0,True,0.0,0.0,0.0
C1,msalign,mass,sub16,strict,1,False,55.4000751314801,49.78583901790139,61.14283051108714,msalign,mass,False,55.4000751314801,49.78583901790139,61.14283051108714,True,0.0,0.0,0.0
C1,msalign,mass,sub16,strict,5,False,54.019534184823435,48.27217008501003,59.6653367390233,msalign,mass,False,54.019534184823435,48.27217008501003,59.6653367390233,True,0.0,0.0,0.0
C1,msalign,mass,sub16,strict,20,False,0.0,0.0,0.0,msalign,mass,False,0.0,0.0,0.0,True,0.0,0.0,0.0
C1,msalign,mass,sub64,expected,1,False,41.50492054732879,35.78843902557142,47.2250068736571,msalign,mass,False,41.50492054732879,35.78843902557142,47.2250068736571,True,0.0,0.0,0.0
C1,msalign,mass,sub64,expected,5,False,50.73098661513477,44.93746109340229,55.88957642111526,msalign,mass,False,50.73098661513477,44.93746109340229,55.88957642111526,True,0.0,0.0,0.0
C1,msalign,mass,sub64,expected,20,False,31.160351574232106,26.830272809687827,35.79411837972627,msalign,mass,False,31.160351574232106,26.830272809687827,35.79411837972627,True,0.0,0.0,0.0
C1,msalign,mass,sub64,strict,1,False,45.961682945154024,40.1335131630732,51.78741339096299,msalign,mass,False,45.961682945154024,40.1335131630732,51.78741339096299,True,0.0,0.0,0.0
C1,msalign,mass,sub64,strict,5,False,62.79113448534937,56.94774511717079,67.94812729069994,msalign,mass,False,62.79113448534937,56.94774511717079,67.94812729069994,True,0.0,0.0,0.0
C1,msalign,mass,sub64,strict,20,False,52.5169045830203,47.15229719802328,58.39625554428051,msalign,mass,False,52.5169045830203,47.15229719802328,58.39625554428051,True,0.0,0.0,0.0
C2,msalign,embcos,expanded1024,expected,1,False,-4.255627621761507,-8.073692678485283,-0.1176506843924559,msalign,embcos,False,-4.255627621761507,-8.073692678485283,-0.1176506843924559,True,0.0,0.0,0.0
C2,msalign,embcos,expanded1024,expected,5,False,-4.556456856189206,-7.953113938926783,-1.1928028950619645,msalign,embcos,False,-4.556456856189206,-7.953113938926783,-1.1928028950619645,True,0.0,0.0,0.0
C2,msalign,embcos,expanded1024,expected,20,False,-3.056744774551212,-7.49806517531492,0.9414588189576308,msalign,embcos,False,-3.056744774551212,-7.49806517531492,0.9414588189576308,True,0.0,0.0,0.0
C2,msalign,embcos,expanded1024,strict,1,False,-4.113448534936137,-7.923172049360561,0.0179734657067503,msalign,embcos,False,-4.113448534936137,-7.923172049360561,0.0179734657067503,True,0.0,0.0,0.0
C2,msalign,embcos,expanded1024,strict,5,False,-4.611194590533435,-8.020485742234433,-1.2285797484414127,msalign,embcos,False,-4.611194590533435,-8.020485742234433,-1.2285797484414127,True,0.0,0.0,0.0
C2,msalign,embcos,expanded1024,strict,20,False,-3.32456799398948,-7.686771855059398,0.658363530537052,msalign,embcos,False,-3.32456799398948,-7.686771855059398,0.658363530537052,True,0.0,0.0,0.0
C2,msalign,embcos,official_dedup,expected,1,False,-2.9017113933618113,-7.657218098598722,2.523353682206291,msalign,embcos,False,-2.9017113933618113,-7.657218098598722,2.523353682206291,True,0.0,0.0,0.0
C2,msalign,embcos,official_dedup,expected,5,True,-1.8489844043985793,-5.189181516923048,1.3519420039817518,msalign,embcos,True,-1.8489844043985793,-5.189181516923048,1.3519420039817518,True,0.0,0.0,0.0
C2,msalign,embcos,official_dedup,expected,20,False,1.5015447320854023,-1.3625460057386063,4.143512773719651,msalign,embcos,False,1.5015447320854023,-1.3625460057386063,4.143512773719651,True,0.0,0.0,0.0
C2,msalign,embcos,official_dedup,strict,1,False,-2.742299023290762,-7.445507686211313,2.753747378458167,msalign,embcos,False,-2.742299023290762,-7.445507686211313,2.753747378458167,True,0.0,0.0,0.0
C2,msalign,embcos,official_dedup,strict,5,False,-1.9064613072877543,-5.257481136560747,1.27349690805154,msalign,embcos,False,-1.9064613072877543,-5.257481136560747,1.27349690805154,True,0.0,0.0,0.0
C2,msalign,embcos,official_dedup,strict,20,False,1.2490608564988737,-1.6326501109990434,3.889804205560885,msalign,embcos,False,1.2490608564988737,-1.6326501109990434,3.889804205560885,True,0.0,0.0,0.0
C2,msalign,embcos,official_raw,expected,1,False,-2.8825677615002654,-7.630743893328659,2.542156490703407,msalign,embcos,False,-2.8825677615002654,-7.630743893328659,2.542156490703407,True,0.0,0.0,0.0
C2,msalign,embcos,official_raw,expected,5,False,-2.511472897721434,-5.754692178043454,0.525077155744958,msalign,embcos,False,-2.511472897721434,-5.754692178043454,0.525077155744958,True,0.0,0.0,0.0
C2,msalign,embcos,official_raw,expected,20,False,-0.0317873535750856,-2.9254715795050528,2.7778263251910964,msalign,embcos,False,-0.0317873535750856,-2.9254715795050528,2.7778263251910964,True,0.0,0.0,0.0
C2,msalign,embcos,official_raw,strict,1,False,-2.742299023290762,-7.445507686211313,2.753747378458167,msalign,embcos,False,-2.742299023290762,-7.445507686211313,2.753747378458167,True,0.0,0.0,0.0
C2,msalign,embcos,official_raw,strict,5,False,-2.5450788880540864,-5.795160221702905,0.4425803842278675,msalign,embcos,False,-2.5450788880540864,-5.795160221702905,0.4425803842278675,True,0.0,0.0,0.0
C2,msalign,embcos,official_raw,strict,20,False,-0.150262960180314,-3.015778712593822,2.6643102424551075,msalign,embcos,False,-0.150262960180314,-3.015778712593822,2.6643102424551075,True,0.0,0.0,0.0
C2,msalign,embcos,sub16,expected,1,False,-0.1886113198096617,-3.714000668199439,3.1588516560052833,msalign,embcos,False,-0.1886113198096617,-3.714000668199439,3.1588516560052833,True,0.0,0.0,0.0
C2,msalign,embcos,sub16,expected,5,False,0.6808790383170615,-0.885298045993366,2.1053856075930786,msalign,embcos,False,0.6808790383170615,-0.885298045993366,2.1053856075930786,True,0.0,0.0,0.0
C2,msalign,embcos,sub16,expected,20,False,0.0,0.0,0.0,msalign,embcos,False,0.0,0.0,0.0,True,0.0,0.0,0.0
C2,msalign,embcos,sub16,strict,1,False,-0.1408715251690395,-3.636806362802867,3.1986980613346447,msalign,embcos,False,-0.1408715251690395,-3.636806362802867,3.1986980613346447,True,0.0,0.0,0.0
C2,msalign,embcos,sub16,strict,5,False,0.6855747558226932,-0.8787274655935479,2.1101187485240684,msalign,embcos,False,0.6855747558226932,-0.8787274655935479,2.1101187485240684,True,0.0,0.0,0.0
C2,msalign,embcos,sub16,strict,20,False,0.0,0.0,0.0,msalign,embcos,False,0.0,0.0,0.0,True,0.0,0.0,0.0
C2,msalign,embcos,sub64,expected,1,False,-1.7926684197345444,-5.401977554608798,1.444966324416422,msalign,embcos,False,-1.7926684197345444,-5.401977554608798,1.444966324416422,True,0.0,0.0,0.0
C2,msalign,embcos,sub64,expected,5,False,1.0037487478086526,-2.1691360465970506,4.056201877263968,msalign,embcos,False,1.0037487478086526,-2.1691360465970506,4.056201877263968,True,0.0,0.0,0.0
C2,msalign,embcos,sub64,expected,20,False,1.4419374530428295,-0.0937627861064838,2.950827067043582,msalign,embcos,False,1.4419374530428295,-0.0937627861064838,2.950827067043582,True,0.0,0.0,0.0
C2,msalign,embcos,sub64,strict,1,False,-1.746806912096166,-5.317771269294133,1.4898057408820629,msalign,embcos,False,-1.746806912096166,-5.317771269294133,1.4898057408820629,True,0.0,0.0,0.0
C2,msalign,embcos,sub64,strict,5,False,0.7137490608564945,-2.5207997903993222,3.778742638939999,msalign,embcos,False,0.7137490608564945,-2.5207997903993222,3.778742638939999,True,0.0,0.0,0.0
C2,msalign,embcos,sub64,strict,20,False,1.4368895567242743,-0.0909154805424022,2.9290937854694707,msalign,embcos,False,1.4368895567242743,-0.0909154805424022,2.9290937854694707,True,0.0,0.0,0.0
C3,deepsets,mass,expanded1024,expected,1,False,5.686498589084028,3.9091528157457502,7.553503220539939,deepsets,mass,False,5.686498589084028,3.9091528157457502,7.553503220539939,True,0.0,0.0,0.0
C3,deepsets,mass,expanded1024,expected,5,False,11.726573994844138,8.390518515200899,15.093750644976495,deepsets,mass,False,11.726573994844138,8.390518515200899,15.093750644976495,True,0.0,0.0,0.0
C3,deepsets,mass,expanded1024,expected,20,False,18.96316686272252,13.716477750390547,24.200584586101783,deepsets,mass,False,18.96316686272252,13.716477750390547,24.200584586101783,True,0.0,0.0,0.0
C3,deepsets,mass,expanded1024,strict,1,False,6.949661908339595,5.1136618888577665,8.956717857465806,deepsets,mass,False,6.949661908339595,5.1136618888577665,8.956717857465806,True,0.0,0.0,0.0
C3,deepsets,mass,expanded1024,strict,5,False,15.683696468820434,12.223279163222768,19.219886341523505,deepsets,mass,False,15.683696468820434,12.223279163222768,19.219886341523505,True,0.0,0.0,0.0
C3,deepsets,mass,expanded1024,strict,20,False,25.788880540946657,20.54557695136296,30.851435204113397,deepsets,mass,False,25.788880540946657,20.54557695136296,30.851435204113397,True,0.0,0.0,0.0
C3,deepsets,mass,official_dedup,expected,1,False,9.737448534273328,6.935125267029653,12.759784178796554,deepsets,mass,False,9.737448534273328,6.935125267029653,12.759784178796554,True,0.0,0.0,0.0
C3,deepsets,mass,official_dedup,expected,5,True,18.01508703881836,13.39907431556325,22.491975552207467,deepsets,mass,True,18.01508703881836,13.39907431556325,22.491975552207467,True,0.0,0.0,0.0
C3,deepsets,mass,official_dedup,expected,20,False,21.908724461168887,16.08451391381119,27.5034674924251,deepsets,mass,False,21.908724461168887,16.08451391381119,27.5034674924251,True,0.0,0.0,0.0
C3,deepsets,mass,official_dedup,strict,1,False,12.312171299774604,9.520800414016664,15.491628364128193,deepsets,mass,False,12.312171299774604,9.520800414016664,15.491628364128193,True,0.0,0.0,0.0
C3,deepsets,mass,official_dedup,strict,5,False,23.938767843726524,19.406971545639117,28.568914153899748,deepsets,mass,False,23.938767843726524,19.406971545639117,28.568914153899748,True,0.0,0.0,0.0
C3,deepsets,mass,official_dedup,strict,20,False,34.541697971450034,29.060673263687153,39.836141995674794,deepsets,mass,False,34.541697971450034,29.060673263687153,39.836141995674794,True,0.0,0.0,0.0
C3,deepsets,mass,official_raw,expected,1,False,9.751793289772948,6.964634853200663,12.752939993260163,deepsets,mass,False,9.751793289772948,6.964634853200663,12.752939993260163,True,0.0,0.0,0.0
C3,deepsets,mass,official_raw,expected,5,False,15.99751080434486,11.651562273298104,20.34951263553439,deepsets,mass,False,15.99751080434486,11.651562273298104,20.34951263553439,True,0.0,0.0,0.0
C3,deepsets,mass,official_raw,expected,20,False,18.69437760728286,13.218645935112637,23.83204664970786,deepsets,mass,False,18.69437760728286,13.218645935112637,23.83204664970786,True,0.0,0.0,0.0
C3,deepsets,mass,official_raw,strict,1,False,12.312171299774604,9.520800414016664,15.491628364128193,deepsets,mass,False,12.312171299774604,9.520800414016664,15.491628364128193,True,0.0,0.0,0.0
C3,deepsets,mass,official_raw,strict,5,False,21.6190833959429,17.251022772126642,26.126980901066226,deepsets,mass,False,21.6190833959429,17.251022772126642,26.126980901066226,True,0.0,0.0,0.0
C3,deepsets,mass,official_raw,strict,20,False,30.935386927122465,25.4452102042566,36.093707078123245,deepsets,mass,False,30.935386927122465,25.4452102042566,36.093707078123245,True,0.0,0.0,0.0
C3,deepsets,mass,sub16,expected,1,False,17.53984107031628,12.130132267906497,23.1168403433598,deepsets,mass,False,17.53984107031628,12.130132267906497,23.1168403433598,True,0.0,0.0,0.0
C3,deepsets,mass,sub16,expected,5,False,11.369731023421858,5.653462598635778,17.174343719638273,deepsets,mass,False,11.369731023421858,5.653462598635778,17.174343719638273,True,0.0,0.0,0.0
C3,deepsets,mass,sub16,expected,20,False,0.0,0.0,0.0,deepsets,mass,False,0.0,0.0,0.0,True,0.0,0.0,0.0
C3,deepsets,mass,sub16,strict,1,False,26.68106686701728,21.32917411262788,32.018224363628306,deepsets,mass,False,26.68106686701728,21.32917411262788,32.018224363628306,True,0.0,0.0,0.0
C3,deepsets,mass,sub16,strict,5,False,33.43350864012021,27.01064213255217,40.09857225181845,deepsets,mass,False,33.43350864012021,27.01064213255217,40.09857225181845,True,0.0,0.0,0.0
C3,deepsets,mass,sub16,strict,20,False,0.0,0.0,0.0,deepsets,mass,False,0.0,0.0,0.0,True,0.0,0.0,0.0
C3,deepsets,mass,sub64,expected,1,False,13.464035139168857,9.687805741048596,17.32820019599286,deepsets,mass,False,13.464035139168857,9.687805741048596,17.32820019599286,True,0.0,0.0,0.0
C3,deepsets,mass,sub64,expected,5,False,21.148898667748572,15.203725044500748,26.81271530913359,deepsets,mass,False,21.148898667748572,15.203725044500748,26.81271530913359,True,0.0,0.0,0.0
C3,deepsets,mass,sub64,expected,20,False,10.424752114852096,5.016091259119316,16.00828864345649,deepsets,mass,False,10.424752114852096,5.016091259119316,16.00828864345649,True,0.0,0.0,0.0
C3,deepsets,mass,sub64,strict,1,False,18.125469571750564,14.424870965468056,22.216894386796117,deepsets,mass,False,18.125469571750564,14.424870965468056,22.216894386796117,True,0.0,0.0,0.0
C3,deepsets,mass,sub64,strict,5,False,33.367768595041326,27.416860088321897,39.08785750975083,deepsets,mass,False,33.367768595041326,27.416860088321897,39.08785750975083,True,0.0,0.0,0.0
C3,deepsets,mass,sub64,strict,20,False,31.78061607813674,25.445600799008716,38.27687628147964,deepsets,mass,False,31.78061607813674,25.445600799008716,38.27687628147964,True,0.0,0.0,0.0
