query_id,rank,id,smiles,smiles_2d,merged_ids,exact_mass,ppm_error,score_mass,tied_with_previous,in_shortlist,decision
MassSpecGymID0226249,1,cand070,Brc1ccccc1C1SCc2nc3ccccc3n21,Brc1ccccc1C1SCc2nc3ccccc3n21,cand070,329.9826314520001,0.0063518492983320254,-0.006352,False,True,nominate shortlist
MassSpecGymID0226249,2,cand005,Nc1sc(-c2ccccc2)nc1-c1ccc(Br)cc1,Nc1sc(-c2ccccc2)nc1-c1ccc(Br)cc1,cand005,329.982631452,0.006351849470593878,-0.006352,True,True,nominate shortlist
MassSpecGymID0226249,3,cand251,Nc1ccc(Sc2cccc(Br)c2)c2cnccc12,Nc1ccc(Sc2cccc(Br)c2)c2cnccc12,cand251,329.9826314520001,0.0063518492983320254,-0.006352,True,True,nominate shortlist
MassSpecGymID0226249,4,cand014,C=Cc1cn(-c2ccc(Br)cc2)nc1-c1cccs1,C=Cc1cn(-c2ccc(Br)cc2)nc1-c1cccs1,cand014,329.982631452,0.006351849470593878,-0.006352,True,True,nominate shortlist
MassSpecGymID0226249,5,cand182,Cc1[nH]c(-c2ccc3ccccc3c2)nc(=S)c1Br,Cc1[nH]c(-c2ccc3ccccc3c2)nc(=S)c1Br,cand182,329.982631452,0.006351849470593878,-0.006352,True,True,nominate shortlist
MassSpecGymID0226249,6,cand012,CCc1nc2cccc3c2n1-c1ccc(Br)cc1S3,CCc1nc2cccc3c2n1-c1ccc(Br)cc1S3,cand012,329.982631452,0.006351849470593878,-0.006352,True,False,nominate shortlist
MassSpecGymID0226249,7,cand000,Brc1ccc(Nc2nc(-c3ccccc3)cs2)cc1,Brc1ccc(Nc2nc(-c3ccccc3)cs2)cc1,cand000,329.982631452,0.006351849470593878,-0.006352,True,False,nominate shortlist
MassSpecGymID0226249,8,cand177,Nc1cccc(-c2nc(-c3cccc(Br)c3)cs2)c1,Nc1cccc(-c2nc(-c3cccc(Br)c3)cs2)c1,cand177,329.982631452,0.006351849470593878,-0.006352,True,False,nominate shortlist
MassSpecGymID0226249,9,cand065,CCc1ccc2nc3sc4ccc(Br)cc4n3c2c1,CCc1ccc2nc3sc4ccc(Br)cc4n3c2c1,cand065,329.9826314520001,0.0063518492983320254,-0.006352,True,False,nominate shortlist
MassSpecGymID0226249,10,cand140,CSc1nc2ccc(Br)cc2nc1-c1ccccc1,CSc1nc2ccc(Br)cc2nc1-c1ccccc1,cand140,329.982631452,0.006351849470593878,-0.006352,True,False,nominate shortlist
MassSpecGymID0226249,11,cand026,N#CC(=Cc1ccc(Br)cc1)c1nc(C2CC2)cs1,N#CC(=Cc1ccc(Br)cc1)c1nc(C2CC2)cs1,cand026,329.982631452,0.006351849470593878,-0.006352,True,False,nominate shortlist
MassSpecGymID0226249,12,cand078,Cc1cccnc1-c1nc(-c2ccc(Br)cc2)cs1,Cc1cccnc1-c1nc(-c2ccc(Br)cc2)cs1,cand078,329.982631452,0.006351849470593878,-0.006352,True,False,nominate shortlist
MassSpecGymID0226249,13,cand121,Brc1ccc(-c2cc(Sc3ccccc3)n[nH]2)cc1,Brc1ccc(-c2cc(Sc3ccccc3)n[nH]2)cc1,cand121,329.9826314520001,0.0063518492983320254,-0.006352,True,False,nominate shortlist
MassSpecGymID0226249,14,cand127,Brc1ccc(-c2csc(Cc3ccccn3)n2)cc1,Brc1ccc(-c2csc(Cc3ccccn3)n2)cc1,cand127,329.9826314520001,0.0063518492983320254,-0.006352,True,False,nominate shortlist
MassSpecGymID0226249,15,cand217,Nc1ccc(Sc2nccc3c(Br)cccc23)cc1,Nc1ccc(Sc2nccc3c(Br)cccc23)cc1,cand217,329.982631452,0.006351849470593878,-0.006352,True,False,nominate shortlist
MassSpecGymID0226249,16,cand138,Brc1ccc(-c2csc(Cc3ccncc3)n2)cc1,Brc1ccc(-c2csc(Cc3ccncc3)n2)cc1,cand138,329.9826314520001,0.0063518492983320254,-0.006352,True,False,nominate shortlist
MassSpecGymID0226249,17,cand163,Cc1csc(C(C#N)=CC(Br)=Cc2ccccc2)n1,Cc1csc(C(C#N)=CC(Br)=Cc2ccccc2)n1,cand163,329.9826314520001,0.0063518492983320254,-0.006352,True,False,nominate shortlist
MassSpecGymID0226249,18,cand118,Brc1cccc2c1Cc1c-2nc2sc3c(n12)CCC3,Brc1cccc2c1Cc1c-2nc2sc3c(n12)CCC3,cand118,329.9826314520001,0.0063518492983320254,-0.006352,True,False,nominate shortlist
MassSpecGymID0226249,19,cand097,Brc1csc(Nc2ccc(-c3ccccc3)cc2)n1,Brc1csc(Nc2ccc(-c3ccccc3)cc2)n1,cand097,329.9826314520001,0.0063518492983320254,-0.006352,True,False,nominate shortlist
MassSpecGymID0226249,20,cand142,Cc1cnccc1-c1nc(-c2ccccc2Br)cs1,Cc1cnccc1-c1nc(-c2ccccc2Br)cs1,cand142,329.982631452,0.006351849470593878,-0.006352,True,False,nominate shortlist
MassSpecGymID0226249,21,cand077,Cc1sc(-c2cccnc2)nc1-c1ccc(Br)cc1,Cc1sc(-c2cccnc2)nc1-c1ccc(Br)cc1,cand077,329.982631452,0.006351849470593878,-0.006352,True,False,nominate shortlist
MassSpecGymID0226249,22,cand084,Brc1cccc(C2SCc3nc4ccccc4n32)c1,Brc1cccc(C2SCc3nc4ccccc4n32)c1,cand084,329.9826314520001,0.0063518492983320254,-0.006352,True,False,nominate shortlist
MassSpecGymID0226249,23,cand079,Cc1sc(-c2ccncc2)nc1-c1ccc(Br)cc1,Cc1sc(-c2ccncc2)nc1-c1ccc(Br)cc1,cand079,329.982631452,0.006351849470593878,-0.006352,True,False,nominate shortlist
MassSpecGymID0226249,24,cand232,Brc1ccc2sc(C3CNc4ccccc43)nc2c1,Brc1ccc2sc(C3CNc4ccccc43)nc2c1,cand232,329.9826314520001,0.0063518492983320254,-0.006352,True,False,nominate shortlist
MassSpecGymID0226249,25,cand027,N#CCCN1c2ccccc2Sc2ccc(Br)cc21,N#CCCN1c2ccccc2Sc2ccc(Br)cc21,cand027,329.982631452,0.006351849470593878,-0.006352,True,False,nominate shortlist
MassSpecGymID0226249,26,cand141,Cc1ccncc1-c1nc(-c2ccccc2Br)cs1,Cc1ccncc1-c1nc(-c2ccccc2Br)cs1,cand141,329.982631452,0.006351849470593878,-0.006352,True,False,nominate shortlist
MassSpecGymID0226249,27,cand030,Brc1ccc2nc(-c3ccc4c(c3)CNC4)sc2c1,Brc1ccc2nc(-c3ccc4c(c3)CNC4)sc2c1,cand030,329.982631452,0.006351849470593878,-0.006352,True,False,nominate shortlist
MassSpecGymID0226249,28,cand143,Cc1ccc(-c2nc(=S)c3cc(Br)ccc3[nH]2)cc1,Cc1ccc(-c2nc(=S)c3cc(Br)ccc3[nH]2)cc1,cand143,329.9826314520001,0.0063518492983320254,-0.006352,True,False,nominate shortlist
MassSpecGymID0226249,29,cand038,Br.c1ccc(-c2cn3c(n2)sc2ccccc23)cc1,Br.c1ccc(-c2cn3c(n2)sc2ccccc23)cc1,cand038,329.982631452,0.006351849470593878,-0.006352,True,False,nominate shortlist
MassSpecGymID0226249,30,cand052,Cc1ccnc(-c2nc(-c3cccc(Br)c3)cs2)c1,Cc1ccnc(-c2nc(-c3cccc(Br)c3)cs2)c1,cand052,329.982631452,0.006351849470593878,-0.006352,True,False,nominate shortlist
MassSpecGymID0226249,31,cand022,O=c1ccc(NS(=O)(=O)c2ccc(Cl)c([N+](=O)[O-])c2)n[nH]1,O=c1ccc(NS(=O)(=O)c2ccc(Cl)c([N+](=O)[O-])c2)n[nH]1,cand022,329.98256800400003,0.19862867420861413,-0.198629,False,False,nominate shortlist
MassSpecGymID0226249,32,cand178,O=C(c1ccc([N+](=O)[O-])cc1Cl)N1CCSC1=N[N+](=O)[O-],O=C(c1ccc([N+](=O)[O-])cc1Cl)N1CCSC1=N[N+](=O)[O-],cand178,329.98256800400003,0.19862867420861413,-0.198629,True,False,nominate shortlist
MassSpecGymID0226249,33,cand167,O=[N+]([O-])c1cc(S(=O)(=O)Nc2cncc(Cl)n2)ccc1O,O=[N+]([O-])c1cc(S(=O)(=O)Nc2cncc(Cl)n2)ccc1O,cand167,329.98256800400003,0.19862867420861413,-0.198629,True,False,nominate shortlist
MassSpecGymID0226249,34,cand109,O=C(CCl)NC(=O)Nc1nc(-c2ccc([N+](=O)[O-])o2)cs1,O=C(CCl)NC(=O)Nc1nc(-c2ccc([N+](=O)[O-])o2)cs1,cand109,329.98256800400003,0.19862867420861413,-0.198629,True,False,nominate shortlist
MassSpecGymID0226249,35,cand158,CC(C)(C)C1C[CH]CCC1.[I-].[Zn],CC(C)(C)C1C[CH]CCC1.[I-].[Zn],cand158,329.98283938791,-0.6237897412390768,-0.62379,False,False,nominate shortlist
MassSpecGymID0226249,36,cand093,CC(CC(=O)C1C(=O)OC(C)(C)OC1=O)C(Cl)(Cl)Cl,CC(CC(=O)C1C(=O)OC(C)(C)OC1=O)C(Cl)(Cl)Cl,cand093,329.98285655600006,-0.6758169268610206,-0.675817,False,False,nominate shortlist
MassSpecGymID0226249,37,cand096,O=C(Cl)COC1CCCC(OCC(=O)Cl)C1C(=O)Cl,O=C(Cl)COC1CCCC(OCC(=O)Cl)C1C(=O)Cl,cand096,329.982856556,-0.675816926688759,-0.675817,True,False,nominate shortlist
MassSpecGymID0226249,38,cand040,CC1(C)OCC2(OC=CC3OC(C(Cl)(Cl)Cl)OC32)O1,CC1(C)OCC2(OC=CC3OC(C(Cl)(Cl)Cl)OC32)O1,cand040,329.982856556,-0.675816926688759,-0.675817,True,False,nominate shortlist
MassSpecGymID0226249,39,cand119,C=C(C)C(=O)OCCCCC(=O)OC(=O)C(Cl)(Cl)Cl,C=C(C)C(=O)OCCCCC(=O)OC(=O)C(Cl)(Cl)Cl,cand119,329.98285655600006,-0.6758169268610206,-0.675817,True,False,nominate shortlist
MassSpecGymID0226249,40,cand203,C=C(CC(=O)OCC(Cl)(Cl)Cl)C(=O)OC1(C)COC1,C=C(CC(=O)OCC(Cl)(Cl)Cl)C(=O)OC1(C)COC1,cand203,329.982856556,-0.675816926688759,-0.675817,True,False,nominate shortlist
MassSpecGymID0226249,41,cand024,C=CC=CP(=O)(O)OP(=O)(O)OP(=O)(O)C=CC=C,C=CC=CP(=O)(O)OP(=O)(O)OP(=O)(O)C=CC=C,cand024,329.982327266,0.9281769800657592,-0.928177,False,False,nominate shortlist
MassSpecGymID0226249,42,cand016,CC(C)(C)C1C[CH-]CCC1.[Zn+]I,CC(C)(C)C1C[CH-]CCC1.[Zn+]I,cand016,329.982290808,1.038661799603066,-1.038662,False,False,nominate shortlist
MassSpecGymID0226249,43,cand171,CC(C)(C)C1CC[CH-]CC1.[Zn+]I,CC(C)(C)C1CC[CH-]CC1.[Zn+]I,cand171,329.982290808,1.038661799603066,-1.038662,True,False,nominate shortlist
MassSpecGymID0226249,44,cand235,OC(O)C(Br)CCCCCCCCBr,OC(O)C(Br)CCCCCCCCBr,cand235,329.98300408,-1.122882073910962,-1.122882,False,False,nominate shortlist
MassSpecGymID0226249,45,cand219,CCCCCC(OC(C)Br)OC(C)Br,CCCCCC(OC(C)Br)OC(C)Br,cand219,329.98300408,-1.122882073910962,-1.122882,True,False,nominate shortlist
MassSpecGymID0226249,46,cand029,CCCCCCCCC(Br)C(O)(O)Br,CCCCCCCCC(Br)C(O)(O)Br,cand029,329.98300408,-1.122882073910962,-1.122882,True,False,nominate shortlist
MassSpecGymID0226249,47,cand230,CCC(CBr)(CBr)CCOCCOC,CCC(CBr)(CBr)CCOCCOC,cand230,329.98300407999994,-1.1228820737387004,-1.122882,True,False,nominate shortlist
MassSpecGymID0226249,48,cand031,C1=COCCC1.CCCBr.OCCBr,C1=COCCC1.CCCBr.OCCBr,cand031,329.98300408,-1.122882073910962,-1.122882,True,False,nominate shortlist
MassSpecGymID0226249,49,cand045,CC(c1ccccc1)N1[CH-]C[CH+]CC1.[Zn+]Br,CC(c1ccccc1)N1[CH-]C[CH+]CC1.[Zn+]Br,cand045,329.98303026409,-1.20223179257794,-1.202232,False,False,nominate shortlist
MassSpecGymID0226249,50,cand160,Oc1ccc(C2C(Br)=CC3CCCC32)c(Cl)c1F,Oc1ccc(C2C(Br)=CC3CCCC32)c(Cl)c1F,cand160,329.982233036,1.2137380740589863,-1.213738,False,False,nominate shortlist
MassSpecGymID0226249,51,cand085,O=C(c1cc(Cl)c(Br)cc1F)C1CC2CCC1C2,O=C(c1cc(Cl)c(Br)cc1F)C1CC2CCC1C2,cand085,329.982233036,1.2137380740589863,-1.213738,True,False,nominate shortlist
MassSpecGymID0226249,52,cand198,O=C(c1ccc(F)c(S)c1)c1ccc(F)c(S(=O)(=O)O)c1,O=C(c1ccc(F)c(S)c1)c1ccc(F)c(S(=O)(=O)O)c1,cand198,329.9832071759999,-1.7383551265506998,-1.738355,False,False,nominate shortlist
MassSpecGymID0226249,53,cand166,CC(NS(=O)(=O)c1ccc(Cl)c(C(F)(F)F)c1)C(=O)[O-],CC(NS(=O)(=O)c1ccc(Cl)c(C(F)(F)F)c1)C(=O)[O-],cand166,329.98201465590995,1.875532794474855,-1.875533,False,False,nominate shortlist
MassSpecGymID0226249,54,cand236,CC(NS(=O)(=O)c1cc(C(F)(F)F)ccc1Cl)C(=O)[O-],CC(NS(=O)(=O)c1cc(C(F)(F)F)ccc1Cl)C(=O)[O-],cand236,329.98201465590995,1.875532794474855,-1.875533,True,False,nominate shortlist
MassSpecGymID0226249,55,cand194,C[Si](Cl)(Cl)C1CC2CC1C(F)(C(F)(F)F)C2(F)F,C[Si](Cl)(Cl)C1CC2CC1C(F)(C(F)(F)F)C2(F)F,cand194,329.98330153,-2.0242903107053722,-2.02429,False,False,nominate shortlist
MassSpecGymID0226249,56,cand151,NC(=S)c1c(Cl)cccc1NCCc1ccc(Cl)s1,NC(=S)c1c(Cl)cccc1NCCc1ccc(Cl)s1,cand151,329.981895744,2.2358923612323442,-2.235892,False,False,nominate shortlist
MassSpecGymID0226249,57,cand224,Nc1cnccc1SCCSc1cc(Cl)ccc1Cl,Nc1cnccc1SCCSc1cc(Cl)ccc1Cl,cand224,329.981895744,2.2358923612323442,-2.235892,True,False,nominate shortlist
MassSpecGymID0226249,58,cand047,ClC1(Cl)CC1CSc1ncnc2sc3c(c12)CCC3,ClC1(Cl)CC1CSc1ncnc2sc3c(c12)CCC3,cand047,329.981895744,2.2358923612323442,-2.235892,True,False,nominate shortlist
MassSpecGymID0226249,59,cand145,CSc1nc(NCc2ccc(Cl)cc2)n(C(=S)S)n1,CSc1nc(NCc2ccc(Cl)cc2)n(C(=S)S)n1,cand145,329.9834370320001,-2.4349222109451585,-2.434922,False,False,nominate shortlist
MassSpecGymID0226249,60,cand209,Cc1ccc(-c2noc(CC(=O)C(F)F)n2)cc1Br,Cc1ccc(-c2noc(CC(=O)C(F)F)n2)cc1Br,cand209,329.98154606800006,3.29557823134402,-3.295578,False,False,nominate shortlist
MassSpecGymID0226249,61,cand028,O=C(Cn1cc(Br)cn1)c1ccc(OC(F)F)cc1,O=C(Cn1cc(Br)cn1)c1ccc(OC(F)F)cc1,cand028,329.98154606800006,3.29557823134402,-3.295578,True,False,nominate shortlist
MassSpecGymID0226249,62,cand244,Cc1ccc(-c2noc(CC(=O)C(F)F)n2)c(Br)c1,Cc1ccc(-c2noc(CC(=O)C(F)F)n2)c(Br)c1,cand244,329.98154606800006,3.29557823134402,-3.295578,True,False,nominate shortlist
MassSpecGymID0226249,63,cand239,COc1nc(Oc2cc(Br)cc(F)c2F)ccc1N,COc1nc(Oc2cc(Br)cc(F)c2F)ccc1N,cand239,329.98154606800006,3.29557823134402,-3.295578,True,False,nominate shortlist
MassSpecGymID0226249,64,cand080,NCc1ccc(C(=O)Nc2c(F)cc(F)cc2Br)o1,NCc1ccc(C(=O)Nc2c(F)cc(F)cc2Br)o1,cand080,329.981546068,3.295578231516283,-3.295578,True,False,nominate shortlist
MassSpecGymID0226249,65,cand114,Cc1nc(-c2ccc(OC(F)F)cc2)[nH]c(=O)c1Br,Cc1nc(-c2ccc(OC(F)F)cc2)[nH]c(=O)c1Br,cand114,329.98154606800006,3.29557823134402,-3.295578,True,False,nominate shortlist
MassSpecGymID0226249,66,cand088,O=C(O)CC(c1ncc(Br)[nH]1)c1cc(F)ccc1F,O=C(O)CC(c1ncc(Br)[nH]1)c1cc(F)ccc1F,cand088,329.98154606800006,3.29557823134402,-3.295578,True,False,nominate shortlist
MassSpecGymID0226249,67,cand106,Cn1ncc(Br)c1C(=O)c1ccc(OC(F)F)cc1,Cn1ncc(Br)c1C(=O)c1ccc(OC(F)F)cc1,cand106,329.98154606800006,3.29557823134402,-3.295578,True,False,nominate shortlist
MassSpecGymID0226249,68,cand060,NC(=NOCc1cc(F)ccc1F)c1ccc(Br)o1,NC(=NOCc1cc(F)ccc1F)c1ccc(Br)o1,cand060,329.981546068,3.295578231516283,-3.295578,True,False,nominate shortlist
MassSpecGymID0226249,69,cand073,O=C(NCC(F)(F)Br)c1ccc(-c2cccnc2)o1,O=C(NCC(F)(F)Br)c1ccc(-c2cccnc2)o1,cand073,329.98154606800006,3.29557823134402,-3.295578,True,False,nominate shortlist
MassSpecGymID0226249,70,cand086,COC(=O)c1nn(-c2ccc(F)cc2F)c(C)c1Br,COC(=O)c1nn(-c2ccc(F)cc2F)c(C)c1Br,cand086,329.98154606800006,3.29557823134402,-3.295578,True,False,nominate shortlist
MassSpecGymID0226249,71,cand237,Cn1nc(CC(=O)O)c(Br)c1-c1cc(F)ccc1F,Cn1nc(CC(=O)O)c(Br)c1-c1cc(F)ccc1F,cand237,329.98154606800006,3.29557823134402,-3.295578,True,False,nominate shortlist
MassSpecGymID0226249,72,cand190,OCC(F)(F)c1ccc(Oc2ncccc2Br)cn1,OCC(F)(F)c1ccc(Oc2ncccc2Br)cn1,cand190,329.98154606800006,3.29557823134402,-3.295578,True,False,nominate shortlist
MassSpecGymID0226249,73,cand003,CCOC(=O)c1cnc2c(F)cc(Br)c(F)c2c1N,CCOC(=O)c1cnc2c(F)cc(Br)c(F)c2c1N,cand003,329.98154606800006,3.29557823134402,-3.295578,True,False,nominate shortlist
MassSpecGymID0226249,74,cand215,O=c1c(OC(F)F)ccnn1Cc1cccc(Br)c1,O=c1c(OC(F)F)ccnn1Cc1cccc(Br)c1,cand215,329.98154606800006,3.29557823134402,-3.295578,True,False,nominate shortlist
MassSpecGymID0226249,75,cand125,CC(=O)O[Bi]O[N+](=O)[O-],CC(=O)O[Bi]O[N+](=O)[O-],cand125,329.98152089599995,3.371861542589382,-3.371862,False,False,nominate shortlist
MassSpecGymID0226249,76,cand196,COCc1nc(CNc2cc(F)cc(Br)c2)cs1,COCc1nc(CNc2cc(F)cc(Br)c2)cs1,cand196,329.983774324,-3.4570669492362454,-3.457067,False,False,nominate shortlist
MassSpecGymID0226249,77,cand054,CNc1nc(Br)c(Cc2ccc(OC)c(F)c2)s1,CNc1nc(Br)c(Cc2ccc(OC)c(F)c2)s1,cand054,329.983774324,-3.4570669492362454,-3.457067,True,False,nominate shortlist
MassSpecGymID0226249,78,cand007,NC(=S)C1(C(=O)Nc2cc(F)ccc2Br)CCC1,NC(=S)C1(C(=O)Nc2cc(F)ccc2Br)CCC1,cand007,329.983774324,-3.4570669492362454,-3.457067,True,False,nominate shortlist
MassSpecGymID0226249,79,cand225,COc1cccc(C(NN)c2cc(Br)cs2)c1F,COc1cccc(C(NN)c2cc(Br)cs2)c1F,cand225,329.983774324,-3.4570669492362454,-3.457067,True,False,nominate shortlist
MassSpecGymID0226249,80,cand180,CNCc1nc(-c2ccc(OC)c(F)c2)sc1Br,CNCc1nc(-c2ccc(OC)c(F)c2)sc1Br,cand180,329.983774324,-3.4570669492362454,-3.457067,True,False,nominate shortlist
MassSpecGymID0226249,81,cand057,CC(C)C(Br)C(=O)Nc1nc2ccc(F)cc2s1,CC(C)C(Br)C(=O)Nc1nc2ccc(F)cc2s1,cand057,329.983774324,-3.4570669492362454,-3.457067,True,False,nominate shortlist
MassSpecGymID0226249,82,cand253,COc1cc(NCc2ccc(Br)s2)c(N)cc1F,COc1cc(NCc2ccc(Br)s2)c(N)cc1F,cand253,329.983774324,-3.4570669492362454,-3.457067,True,False,nominate shortlist
MassSpecGymID0226249,83,cand062,COc1csc(C(NN)c2cc(Br)ccc2F)c1,COc1csc(C(NN)c2cc(Br)ccc2F)c1,cand062,329.983774324,-3.4570669492362454,-3.457067,True,False,nominate shortlist
MassSpecGymID0226249,84,cand250,NNC(CSc1ccc(F)cc1)c1occc1Br,NNC(CSc1ccc(F)cc1)c1occc1Br,cand250,329.983774324,-3.4570669492362454,-3.457067,True,False,nominate shortlist
MassSpecGymID0226249,85,cand152,NC1=NC2(c3cc(Br)ccc3F)OCCC2CS1,NC1=NC2(c3cc(Br)ccc3F)OCCC2CS1,cand152,329.983774324,-3.4570669492362454,-3.457067,True,False,nominate shortlist
MassSpecGymID0226249,86,cand021,CN(N)c1cc(F)cc(Br)c1OCc1cccs1,CN(N)c1cc(F)cc(Br)c1OCc1cccs1,cand021,329.983774324,-3.4570669492362454,-3.457067,True,False,nominate shortlist
MassSpecGymID0226249,87,cand246,Cc1nc(COc2cc(F)c(Br)cc2N)sc1C,Cc1nc(COc2cc(F)c(Br)cc2N)sc1C,cand246,329.983774324,-3.4570669492362454,-3.457067,True,False,nominate shortlist
MassSpecGymID0226249,88,cand245,COc1ccc(C(NN)c2csc(Br)c2)cc1F,COc1ccc(C(NN)c2csc(Br)c2)cc1F,cand245,329.983774324,-3.4570669492362454,-3.457067,True,False,nominate shortlist
MassSpecGymID0226249,89,cand247,NC1=NC2(CCOc3cc(F)c(Br)cc32)CCS1,NC1=NC2(CCOc3cc(F)c(Br)cc32)CCS1,cand247,329.983774324,-3.4570669492362454,-3.457067,True,False,nominate shortlist
MassSpecGymID0226249,90,cand074,COc1ccc(C)cc1-c1nc(C)c(Br)n1SF,COc1ccc(C)cc1-c1nc(C)c(Br)n1SF,cand074,329.983774324,-3.4570669492362454,-3.457067,True,False,nominate shortlist
MassSpecGymID0226249,91,cand056,CCNc1ncc(COc2ccc(F)c(Br)c2)s1,CCNc1ncc(COc2ccc(F)c(Br)c2)s1,cand056,329.983774324,-3.4570669492362454,-3.457067,True,False,nominate shortlist
MassSpecGymID0226249,92,cand201,COc1cccc(C(NN)c2sccc2Br)c1F,COc1cccc(C(NN)c2sccc2Br)c1F,cand201,329.983774324,-3.4570669492362454,-3.457067,True,False,nominate shortlist
MassSpecGymID0226249,93,cand187,CCC(Br)c1nnc(-c2ccc(F)c(OC)c2)s1,CCC(Br)c1nnc(-c2ccc(F)c(OC)c2)s1,cand187,329.983774324,-3.4570669492362454,-3.457067,True,False,nominate shortlist
MassSpecGymID0226249,94,cand102,CCCNC(=O)CSc1ccc(C#N)c(Br)c1F,CCCNC(=O)CSc1ccc(C#N)c(Br)c1F,cand102,329.983774324,-3.4570669492362454,-3.457067,True,False,nominate shortlist
MassSpecGymID0226249,95,cand223,CC1OCCC1n1c(=S)[nH]c2cc(Br)c(F)cc21,CC1OCCC1n1c(=S)[nH]c2cc(Br)c(F)cc21,cand223,329.983774324,-3.4570669492362454,-3.457067,True,False,nominate shortlist
MassSpecGymID0226249,96,cand006,NC(=S)C(NC(=O)c1cccc(Br)c1F)C1CC1,NC(=S)C(NC(=O)c1cccc(Br)c1F)C1CC1,cand006,329.983774324,-3.4570669492362454,-3.457067,True,False,nominate shortlist
MassSpecGymID0226249,97,cand231,COc1ccc(F)cc1CCc1nc(N)sc1Br,COc1ccc(F)cc1CCc1nc(N)sc1Br,cand231,329.983774324,-3.4570669492362454,-3.457067,True,False,nominate shortlist
MassSpecGymID0226249,98,cand229,CN(Cc1csc(Br)c1)c1ncc(F)cc1CO,CN(Cc1csc(Br)c1)c1ncc(F)cc1CO,cand229,329.98377432399997,-3.457066949063985,-3.457067,True,False,nominate shortlist
MassSpecGymID0226249,99,cand053,COc1ccc(F)cc1C(NN)c1sccc1Br,COc1ccc(F)cc1C(NN)c1sccc1Br,cand053,329.983774324,-3.4570669492362454,-3.457067,True,False,nominate shortlist
MassSpecGymID0226249,100,cand174,FCCN(Cc1ccc(Br)nc1)C1=CC(=S)OC1,FCCN(Cc1ccc(Br)nc1)C1=CC(=S)OC1,cand174,329.98377432399997,-3.457066949063985,-3.457067,True,False,nominate shortlist
MassSpecGymID0226249,101,cand129,O=C1CC2CSCCN2c2cc(F)c(Br)cc2N1,O=C1CC2CSCCN2c2cc(F)c(Br)cc2N1,cand129,329.983774324,-3.4570669492362454,-3.457067,True,False,nominate shortlist
MassSpecGymID0226249,102,cand015,COc1cc(NCc2sccc2Br)c(F)cc1N,COc1cc(NCc2sccc2Br)c(F)cc1N,cand015,329.983774324,-3.4570669492362454,-3.457067,True,False,nominate shortlist
MassSpecGymID0226249,103,cand227,Cn1c(CO)cnc1SCc1ccc(Br)cc1F,Cn1c(CO)cnc1SCc1ccc(Br)cc1F,cand227,329.983774324,-3.4570669492362454,-3.457067,True,False,nominate shortlist
MassSpecGymID0226249,104,cand240,COc1cc(C(NN)c2sccc2Br)ccc1F,COc1cc(C(NN)c2sccc2Br)ccc1F,cand240,329.983774324,-3.4570669492362454,-3.457067,True,False,nominate shortlist
MassSpecGymID0226249,105,cand135,CCCC(Br)C(=O)Nc1nc2c(F)cccc2s1,CCCC(Br)C(=O)Nc1nc2c(F)cccc2s1,cand135,329.983774324,-3.4570669492362454,-3.457067,True,False,nominate shortlist
MassSpecGymID0226249,106,cand134,CC(NCc1csc(=O)[nH]1)c1ccc(Br)cc1F,CC(NCc1csc(=O)[nH]1)c1ccc(Br)cc1F,cand134,329.983774324,-3.4570669492362454,-3.457067,True,False,nominate shortlist
MassSpecGymID0226249,107,cand013,CC(C)C(Br)C(=O)Nc1nc2c(F)cccc2s1,CC(C)C(Br)C(=O)Nc1nc2c(F)cccc2s1,cand013,329.983774324,-3.4570669492362454,-3.457067,True,False,nominate shortlist
MassSpecGymID0226249,108,cand131,COc1cccc(F)c1C(NN)c1cscc1Br,COc1cccc(F)c1C(NN)c1cscc1Br,cand131,329.983774324,-3.4570669492362454,-3.457067,True,False,nominate shortlist
MassSpecGymID0226249,109,cand200,CC1(n2c(=S)[nH]c3cc(F)c(Br)cc32)CCOC1,CC1(n2c(=S)[nH]c3cc(F)c(Br)cc32)CCOC1,cand200,329.98377432399997,-3.457066949063985,-3.457067,True,False,nominate shortlist
MassSpecGymID0226249,110,cand238,COc1cc(NCc2cc(Br)cs2)c(N)cc1F,COc1cc(NCc2cc(Br)cs2)c(N)cc1F,cand238,329.983774324,-3.4570669492362454,-3.457067,True,False,nominate shortlist
MassSpecGymID0226249,111,cand082,CNc1nc(Br)c(Cc2cc(F)ccc2OC)s1,CNc1nc(Br)c(Cc2cc(F)ccc2OC)s1,cand082,329.9837743239999,-3.457066948891724,-3.457067,True,False,nominate shortlist
MassSpecGymID0226249,112,cand183,Cn1ncc(Br)c1C(O)CSc1ccc(F)cc1,Cn1ncc(Br)c1C(O)CSc1ccc(F)cc1,cand183,329.983774324,-3.4570669492362454,-3.457067,True,False,nominate shortlist
MassSpecGymID0226249,113,cand081,NC1=NC2(c3cc(Br)ccc3F)COCC2CS1,NC1=NC2(c3cc(Br)ccc3F)COCC2CS1,cand081,329.983774324,-3.4570669492362454,-3.457067,True,False,nominate shortlist
MassSpecGymID0226249,114,cand033,COc1cc(NCc2sccc2Br)c(N)cc1F,COc1cc(NCc2sccc2Br)c(N)cc1F,cand033,329.983774324,-3.4570669492362454,-3.457067,True,False,nominate shortlist
MassSpecGymID0226249,115,cand094,CCOc1ccc(-c2sc(CN)nc2Br)cc1F,CCOc1ccc(-c2sc(CN)nc2Br)cc1F,cand094,329.983774324,-3.4570669492362454,-3.457067,True,False,nominate shortlist
MassSpecGymID0226249,116,cand153,CCC(Br)c1nc(CSc2cccc(F)c2)no1,CCC(Br)c1nc(CSc2cccc(F)c2)no1,cand153,329.983774324,-3.4570669492362454,-3.457067,True,False,nominate shortlist
MassSpecGymID0226249,117,cand058,CN(CC(F)(F)F)c1ccc(I)cc1N,CN(CC(F)(F)F)c1ccc(I)cc1N,cand058,329.98408098000004,-4.3863691718756765,-4.386369,False,False,nominate shortlist
MassSpecGymID0226249,118,cand155,Nc1ccc(NCCC(F)(F)F)c(I)c1,Nc1ccc(NCCC(F)(F)F)c(I)c1,cand155,329.98408098,-4.386369171703416,-4.386369,True,False,nominate shortlist
MassSpecGymID0226249,119,cand222,Nc1cc(I)ccc1NCCC(F)(F)F,Nc1cc(I)ccc1NCCC(F)(F)F,cand222,329.98408098,-4.386369171703416,-4.386369,True,False,nominate shortlist
MassSpecGymID0226249,120,cand059,C1CCOCC1.C1CCOCC1.[Br-].[Br-],C1CCOCC1.C1CCOCC1.[Br-].[Br-],cand059,329.98410123982,-4.4477652543504105,-4.447765,False,False,nominate shortlist
MassSpecGymID0226249,121,cand020,O=Cc1c(-c2cccs2)nc2c(Cl)cc(C(F)(F)F)cn12,O=Cc1c(-c2cccs2)nc2c(Cl)cc(C(F)(F)F)cn12,cand020,329.984146152,-4.583868702811101,-4.583869,False,False,nominate shortlist
MassSpecGymID0226249,122,cand132,FC(F)(F)Oc1cccc(-c2nc(Cl)nc3ccsc23)c1,FC(F)(F)Oc1cccc(-c2nc(Cl)nc3ccsc23)c1,cand132,329.98414615200005,-4.583868702983361,-4.583869,True,False,nominate shortlist
MassSpecGymID0226249,123,cand001,FC(F)(F)c1ccc2sc(-c3ccncc3OCl)nc2c1,FC(F)(F)c1ccc2sc(-c3ccncc3OCl)nc2c1,cand001,329.984146152,-4.583868702811101,-4.583869,True,False,nominate shortlist
MassSpecGymID0226249,124,cand008,FC(F)(F)c1nc(=S)cc(-c2cc3cccc(Cl)c3o2)[nH]1,FC(F)(F)c1nc(=S)cc(-c2cc3cccc(Cl)c3o2)[nH]1,cand008,329.984146152,-4.583868702811101,-4.583869,True,False,nominate shortlist
MassSpecGymID0226249,125,cand243,FC(F)(F)c1ccc(Oc2nc(Cl)nc3sccc23)cc1,FC(F)(F)c1ccc(Oc2nc(Cl)nc3sccc23)cc1,cand243,329.984146152,-4.583868702811101,-4.583869,True,False,nominate shortlist
MassSpecGymID0226249,126,cand032,NCC(=O)Nc1ccccc1[As]1SCCCS1,NCC(=O)Nc1ccccc1[As]1SCCCS1,cand032,329.9841766,-4.676139370945114,-4.676139,False,False,nominate shortlist
MassSpecGymID0226249,127,cand036,Clc1c(Cc2ccccc2)cc2ccccc2c1Br,Clc1c(Cc2ccccc2)cc2ccccc2c1Br,cand036,329.98109016399997,4.677189227089373,-4.677189,False,False,nominate shortlist
MassSpecGymID0226249,128,cand199,Cc1cc(Cl)ccc1-c1ccc(Br)c2ccccc12,Cc1cc(Cl)ccc1-c1ccc(Br)c2ccccc12,cand199,329.98109016399997,4.677189227089373,-4.677189,True,False,nominate shortlist
MassSpecGymID0226249,129,cand146,O=C([O-])c1cn2c(CO)c(-c3ccc(Cl)cc3)nc2s1.[Na+],O=C([O-])c1cn2c(CO)c(-c3ccc(Cl)cc3)nc2s1.[Na+],cand146,329.9841850760001,-4.701825330485597,-4.701825,False,False,nominate shortlist
MassSpecGymID0226249,130,cand175,NNc1cc(C(=O)Nc2cc(Cl)ccc2Cl)cc(Cl)n1,NNc1cc(C(=O)Nc2cc(Cl)ccc2Cl)cc(Cl)n1,cand175,329.98419394800004,-4.7287113402242635,-4.728711,False,False,nominate shortlist
MassSpecGymID0226249,131,cand191,CNC(=O)c1ccc(Cl)cc1Nc1nc(Cl)ncc1Cl,CNC(=O)c1ccc(Cl)cc1Nc1nc(Cl)ncc1Cl,cand191,329.98419394800004,-4.7287113402242635,-4.728711,True,False,nominate shortlist
MassSpecGymID0226249,132,cand192,CNc1cncc(C(=O)Nc2cc(Cl)c(Cl)cc2Cl)n1,CNc1cncc(C(=O)Nc2cc(Cl)c(Cl)cc2Cl)n1,cand192,329.98419394800004,-4.7287113402242635,-4.728711,True,False,nominate shortlist
MassSpecGymID0226249,133,cand049,O=C(Cn1cnc(Cl)c1Cl)NN=Cc1ccccc1Cl,O=C(Cn1cnc(Cl)c1Cl)NN=Cc1ccccc1Cl,cand049,329.98419394800004,-4.7287113402242635,-4.728711,True,False,nominate shortlist
MassSpecGymID0226249,134,cand002,CCc1c(Cl)ncnc1NC(=O)c1cc(Cl)nc(Cl)c1,CCc1c(Cl)ncnc1NC(=O)c1cc(Cl)nc(Cl)c1,cand002,329.98419394800004,-4.7287113402242635,-4.728711,True,False,nominate shortlist
MassSpecGymID0226249,135,cand165,CNC(=O)c1cccc(Cl)c1Nc1nc(Cl)ncc1Cl,CNC(=O)c1cccc(Cl)c1Nc1nc(Cl)ncc1Cl,cand165,329.98419394800004,-4.7287113402242635,-4.728711,True,False,nominate shortlist
MassSpecGymID0226249,136,cand055,O=C(NNc1cccc(Cl)n1)Nc1cc(Cl)ccc1Cl,O=C(NNc1cccc(Cl)n1)Nc1cc(Cl)ccc1Cl,cand055,329.98419394800004,-4.7287113402242635,-4.728711,True,False,nominate shortlist
MassSpecGymID0226249,137,cand218,COCc1c(C#N)c(N)nn1-c1ccc(Cl)c(Cl)c1Cl,COCc1c(C#N)c(N)nn1-c1ccc(Cl)c(Cl)c1Cl,cand218,329.98419394800004,-4.7287113402242635,-4.728711,True,False,nominate shortlist
MassSpecGymID0226249,138,cand205,N#Cc1c(CCO)nn(-c2c(Cl)cc(Cl)cc2Cl)c1N,N#Cc1c(CCO)nn(-c2c(Cl)cc(Cl)cc2Cl)c1N,cand205,329.98419394800004,-4.7287113402242635,-4.728711,True,False,nominate shortlist
MassSpecGymID0226249,139,cand249,Cc1cc(NNC(=O)c2ccc(Cl)c(Cl)c2)nc(Cl)n1,Cc1cc(NNC(=O)c2ccc(Cl)c(Cl)c2)nc(Cl)n1,cand249,329.98419394800004,-4.7287113402242635,-4.728711,True,False,nominate shortlist
MassSpecGymID0226249,140,cand248,Cc1cccc(Cl)c1NC(=O)Nc1cc(Cl)nc(Cl)n1,Cc1cccc(Cl)c1NC(=O)Nc1cc(Cl)nc(Cl)n1,cand248,329.98419394800004,-4.7287113402242635,-4.728711,True,False,nominate shortlist
MassSpecGymID0226249,141,cand228,Cc1nc(Cn2c(CCl)nc3cc(Cl)c(Cl)cc32)no1,Cc1nc(Cn2c(CCl)nc3cc(Cl)c(Cl)cc32)no1,cand228,329.984193948,-4.728711340052004,-4.728711,True,False,nominate shortlist
MassSpecGymID0226249,142,cand144,NNc1ccc(Cl)c(C(=O)Nc2cccc(Cl)c2Cl)n1,NNc1ccc(Cl)c(C(=O)Nc2cccc(Cl)c2Cl)n1,cand144,329.98419394800004,-4.7287113402242635,-4.728711,True,False,nominate shortlist
MassSpecGymID0226249,143,cand101,O=C(Nc1c(Cl)cc(Cl)cc1Cl)c1n[nH]c(C2CC2)n1,O=C(Nc1c(Cl)cc(Cl)cc1Cl)c1n[nH]c(C2CC2)n1,cand101,329.98419394800004,-4.7287113402242635,-4.728711,True,False,nominate shortlist
MassSpecGymID0226249,144,cand147,Cc1cc(Cl)nc(NC(=O)c2cc(N)cc(Cl)c2Cl)n1,Cc1cc(Cl)nc(NC(=O)c2cc(N)cc(Cl)c2Cl)n1,cand147,329.98419394800004,-4.7287113402242635,-4.728711,True,False,nominate shortlist
MassSpecGymID0226249,145,cand204,CNc1ccc(C(=O)Nc2c(Cl)cc(Cl)cc2Cl)nn1,CNc1ccc(C(=O)Nc2c(Cl)cc(Cl)cc2Cl)nn1,cand204,329.98419394800004,-4.7287113402242635,-4.728711,True,False,nominate shortlist
MassSpecGymID0226249,146,cand076,NNc1cccc(C(=O)Nc2cc(Cl)c(Cl)cc2Cl)n1,NNc1cccc(C(=O)Nc2cc(Cl)c(Cl)cc2Cl)n1,cand076,329.98419394800004,-4.7287113402242635,-4.728711,True,False,nominate shortlist
MassSpecGymID0226249,147,cand050,Cn1ncc(NN=Cc2c(Cl)cccc2Cl)c(Cl)c1=O,Cn1ncc(NN=Cc2c(Cl)cccc2Cl)c(Cl)c1=O,cand050,329.984193948,-4.728711340052004,-4.728711,True,False,nominate shortlist
MassSpecGymID0226249,148,cand048,NC(=O)c1cnc(Cl)nc1NCc1cccc(Cl)c1Cl,NC(=O)c1cnc(Cl)nc1NCc1cccc(Cl)c1Cl,cand048,329.98419394800004,-4.7287113402242635,-4.728711,True,False,nominate shortlist
MassSpecGymID0226249,149,cand136,NC(=O)c1cnc(Cl)nc1NCc1c(Cl)cccc1Cl,NC(=O)c1cnc(Cl)nc1NCc1c(Cl)cccc1Cl,cand136,329.98419394800004,-4.7287113402242635,-4.728711,True,False,nominate shortlist
MassSpecGymID0226249,150,cand105,CNc1cnc(C(=O)Nc2cc(Cl)c(Cl)cc2Cl)cn1,CNc1cnc(C(=O)Nc2cc(Cl)c(Cl)cc2Cl)cn1,cand105,329.98419394800004,-4.7287113402242635,-4.728711,True,False,nominate shortlist
MassSpecGymID0226249,151,cand206,O=C(Nc1nncn1C1CC1)c1c(Cl)cc(Cl)cc1Cl,O=C(Nc1nncn1C1CC1)c1c(Cl)cc(Cl)cc1Cl,cand206,329.98419394800004,-4.7287113402242635,-4.728711,True,False,nominate shortlist
MassSpecGymID0226249,152,cand221,Cc1nc(Cl)c(C)c(NC(=O)c2cc(Cl)nc(Cl)c2)n1,Cc1nc(Cl)c(C)c(NC(=O)c2cc(Cl)nc(Cl)c2)n1,cand221,329.98419394800004,-4.7287113402242635,-4.728711,True,False,nominate shortlist
MassSpecGymID0226249,153,cand112,NC(=O)CN(c1ccnc(Cl)n1)c1cc(Cl)ccc1Cl,NC(=O)CN(c1ccnc(Cl)n1)c1cc(Cl)ccc1Cl,cand112,329.98419394800004,-4.7287113402242635,-4.728711,True,False,nominate shortlist
MassSpecGymID0226249,154,cand009,O=C(O)c1ccc(=O)[nH]c1.O=C(O)c1cnc(Cl)c(Cl)c1,O=C(O)c1ccc(=O)[nH]c1.O=C(O)c1cnc(Cl)c(Cl)c1,cand009,329.98102671600003,4.869467847847045,-4.869468,False,False,nominate shortlist
MassSpecGymID0226249,155,cand202,O=C(O)CON=Cc1c(C(=O)O)[nH]c2cc(Cl)cc(Cl)c12,O=C(O)CON=Cc1c(C(=O)O)[nH]c2cc(Cl)cc(Cl)c12,cand202,329.98102671600003,4.869467847847045,-4.869468,True,False,nominate shortlist
MassSpecGymID0226249,156,cand099,C#CCN(CC(=O)O)C(=O)c1cc(Cl)c(Cl)c([N+](=O)[O-])c1,C#CCN(CC(=O)O)C(=O)c1cc(Cl)c(Cl)c([N+](=O)[O-])c1,cand099,329.981026716,4.869467848019309,-4.869468,True,False,nominate shortlist
MassSpecGymID0226249,157,cand037,Cc1ccc(-c2sc(C)c3c2C(=O)c2sccc2C3=O)s1,Cc1ccc(-c2sc(C)c3c2C(=O)c2sccc2C3=O)s1,cand037,329.9842925599999,-5.027548393350521,-5.027548,False,False,nominate shortlist
MassSpecGymID0226249,158,cand186,O=S1(=O)CS(=O)(=O)C1C(O)(c1ccccc1)C(F)(F)F,O=S1(=O)CS(=O)(=O)C1C(O)(c1ccccc1)C(F)(F)F,cand186,329.984350048,-5.201761840331729,-5.201762,False,False,nominate shortlist
MassSpecGymID0226249,159,cand034,CCOC(=O)C=C(OS(=O)(=O)C(F)(F)F)c1cccs1,CCOC(=O)C=C(OS(=O)(=O)C(F)(F)F)c1cccs1,cand034,329.984350048,-5.201761840331729,-5.201762,True,False,nominate shortlist
MassSpecGymID0226249,160,cand072,C1CCOC1.[CH2-]C(=O)OC(C)(C)C.[Zn+]Br,C1CCOC1.[CH2-]C(=O)OC(C)(C)C.[Zn+]Br,cand072,329.98089876800003,5.257213391652014,-5.257213,False,False,nominate shortlist
MassSpecGymID0226249,161,cand098,C1CCOC1.[Br-].[CH2-]CCC(=O)OCC.[Zn+2],C1CCOC1.[Br-].[CH2-]CCC(=O)OCC.[Zn+2],cand098,329.98089876800003,5.257213391652014,-5.257213,True,False,nominate shortlist
MassSpecGymID0226249,162,cand193,COC(=O)c1ccc(S(=O)(=O)CCS(=O)(=O)[O-])cc1.[Na+],COC(=O)c1ccc(S(=O)(=O)CCS(=O)(=O)[O-])cc1.[Na+],cand193,329.98438897200003,-5.319718322064168,-5.319718,False,False,nominate shortlist
MassSpecGymID0226249,163,cand241,O=C(Nc1ccc(F)c(F)c1)c1ccc(Cl)c(S(=O)[O-])c1,O=C(Nc1ccc(F)c(F)c1)c1ccc(Cl)c(S(=O)[O-])c1,cand241,329.98087178390995,5.338988531524245,-5.338989,False,False,nominate shortlist
MassSpecGymID0226249,164,cand210,O=S(=O)(O)OCCOc1ccc(Cl)cc1Cl.[H]N=CN,N=CN.O=S(=O)(O)OCCOc1ccc(Cl)cc1Cl,cand210,329.984397844,-5.346604298577336,-5.346604,False,False,nominate shortlist
MassSpecGymID0226249,165,cand066,O=S(=O)(NC(CO)(CO)CO)c1cnc(Cl)c(Cl)c1,O=S(=O)(NC(CO)(CO)CO)c1cnc(Cl)c(Cl)c1,cand066,329.984397844,-5.346604298577336,-5.346604,True,False,nominate shortlist
MassSpecGymID0226249,166,cand207,CON(C)C(=O)Nc1ccc(C(F)(F)Cl)c(Cl)c1S,CON(C)C(=O)Nc1ccc(C(F)(F)Cl)c(Cl)c1S,cand207,329.98081036,5.5251334100730904,-5.525133,False,False,nominate shortlist
MassSpecGymID0226249,167,cand208,CCC(CC)C(Cl)c1csc2c(Br)cccc12,CCC(CC)C(Cl)c1csc2c(Br)cccc12,cand208,329.984461292,-5.538878990882321,-5.538879,False,False,nominate shortlist
MassSpecGymID0226249,168,cand148,CCC(C)CC(Cl)c1csc2c(Br)cccc12,CCC(C)CC(Cl)c1csc2c(Br)cccc12,cand148,329.984461292,-5.538878990882321,-5.538879,True,False,nominate shortlist
MassSpecGymID0226249,169,cand161,FC(F)(F)c1nc(Cl)cc(OCC(F)(F)C(F)(F)F)n1,FC(F)(F)c1nc(Cl)cc(OCC(F)(F)C(F)(F)F)n1,cand161,329.98061615600005,6.113668201094906,-6.113668,False,False,nominate shortlist
MassSpecGymID0226249,170,cand185,[Pt].[c-]1nocc1-c1ncco1,[Pt].[c-]1nocc1-c1ncco1,cand185,329.98479201591005,-6.541113294449735,-6.541113,False,False,nominate shortlist
MassSpecGymID0226249,171,cand157,ON1P(O)N=P(O)(O)N(Oc2ccccc2)[P+]1(O)O,ON1P(O)N=P(O)(O)N(Oc2ccccc2)[P+]1(O)O,cand157,329.98043600208996,6.659624845306201,-6.659625,False,False,nominate shortlist
MassSpecGymID0226249,172,cand150,Fc1ccc(C=CSCc2ccc(Cl)cc2Cl)c(F)c1,Fc1ccc(C=CSCc2ccc(Cl)cc2Cl)c(F)c1,cand150,329.98483312,-6.665676053041825,-6.665676,False,False,nominate shortlist
MassSpecGymID0226249,173,cand063,C=CCS(=O)(=O)O.[Pb],C=CCS(=O)(=O)O.[Pb],cand063,329.98041715200003,6.71675010027459,-6.71675,False,False,nominate shortlist
MassSpecGymID0226249,174,cand220,O=C(OCCCCCC(F)(F)F)OCC(Cl)(Cl)Cl,O=C(OCCCCCC(F)(F)F)OCC(Cl)(Cl)Cl,cand220,329.98041194399997,6.732532961480147,-6.732533,False,False,nominate shortlist
MassSpecGymID0226249,175,cand179,Fc1cc2[nH]c(-c3coc4ccccc34)nc2cc1Br,Fc1cc2[nH]c(-c3coc4ccccc34)nc2cc1Br,cand179,329.980403196,6.759043805100274,-6.759044,False,False,nominate shortlist
MassSpecGymID0226249,176,cand233,Cc1ccc(C#N)cc1Oc1ccc(C#N)c(Br)c1F,Cc1ccc(C#N)cc1Oc1ccc(C#N)c(Br)c1F,cand233,329.980403196,6.759043805100274,-6.759044,True,False,nominate shortlist
MassSpecGymID0226249,177,cand164,O=C(c1cncc(F)c1)c1nc2ccccc2cc1Br,O=C(c1cncc(F)c1)c1nc2ccccc2cc1Br,cand164,329.980403196,6.759043805100274,-6.759044,True,False,nominate shortlist
MassSpecGymID0226249,178,cand046,O=C(c1ccc2nccnc2c1)c1cc(Br)ccc1F,O=C(c1ccc2nccnc2c1)c1cc(Br)ccc1F,cand046,329.980403196,6.759043805100274,-6.759044,True,False,nominate shortlist
MassSpecGymID0226249,179,cand100,N#Cc1c(Br)n(-c2ccc(O)c(F)c2)c2ccccc12,N#Cc1c(Br)n(-c2ccc(O)c(F)c2)c2ccccc12,cand100,329.980403196,6.759043805100274,-6.759044,True,False,nominate shortlist
MassSpecGymID0226249,180,cand159,Fc1cc2[nH]c(-c3cc4ccccc4o3)nc2cc1Br,Fc1cc2[nH]c(-c3cc4ccccc4o3)nc2cc1Br,cand159,329.980403196,6.759043805100274,-6.759044,True,False,nominate shortlist
MassSpecGymID0226249,181,cand133,N#Cc1c(Br)n(-c2ccc(F)cc2)c2ccc(O)cc12,N#Cc1c(Br)n(-c2ccc(F)cc2)c2ccc(O)cc12,cand133,329.98040319599994,6.759043805272538,-6.759044,True,False,nominate shortlist
MassSpecGymID0226249,182,cand010,O=[N+]([O-])c1cccc(N2C(=S)SC3CS(=O)(=O)CC32)c1,O=[N+]([O-])c1cccc(N2C(=S)SC3CS(=O)(=O)CC32)c1,cand010,329.9802698,7.1633010103388814,-7.163301,False,False,nominate shortlist
MassSpecGymID0226249,183,cand216,O=C(O)c1ncsc1S(=O)(=O)N1CCc2sccc2C1,O=C(O)c1ncsc1S(=O)(=O)N1CCc2sccc2C1,cand216,329.98026980000003,7.163301010166617,-7.163301,True,False,nominate shortlist
MassSpecGymID0226249,184,cand044,Cc1csc(Sc2cccc(S(C)(=O)=O)c2[N+](=O)[O-])n1,Cc1csc(Sc2cccc(S(C)(=O)=O)c2[N+](=O)[O-])n1,cand044,329.98026980000003,7.163301010166617,-7.163301,True,False,nominate shortlist
MassSpecGymID0226249,185,cand212,O=C1C(=Cc2cccnc2)SC(=S)N1CCS(=O)(=O)O,O=C1C(=Cc2cccnc2)SC(=S)N1CCS(=O)(=O)O,cand212,329.9802697999999,7.163301010511145,-7.163301,True,False,nominate shortlist
MassSpecGymID0226249,186,cand162,CS(=O)(=O)c1cccnc1Sc1nc(CC(=O)O)cs1,CS(=O)(=O)c1cccnc1Sc1nc(CC(=O)O)cs1,cand162,329.9802697999999,7.163301010511145,-7.163301,True,False,nominate shortlist
MassSpecGymID0226249,187,cand252,O=c1cc(-c2cc3cc(Cl)ccc3o2)c2ccc(Cl)cc2o1,O=c1cc(-c2cc3cc(Cl)ccc3o2)c2ccc(Cl)cc2o1,cand252,329.985049476,-7.3213256290987365,-7.321326,False,False,nominate shortlist
MassSpecGymID0226249,188,cand091,Cc1c(CS(=O)(=O)F)cc(OS(=O)(=O)F)cc1B(O)O,Cc1c(CS(=O)(=O)F)cc(OS(=O)(=O)F)cc1B(O)O,cand091,329.985081468,-7.4182747567309315,-7.418275,False,False,nominate shortlist
MassSpecGymID0226249,189,cand103,COC(=O)C(Br)CNC(=O)c1cccc([N+](=O)[O-])c1,COC(=O)C(Br)CNC(=O)c1cccc([N+](=O)[O-])c1,cand103,329.985133552,-7.576110999441334,-7.576111,False,False,nominate shortlist
MassSpecGymID0226249,190,cand035,CC(C(=O)O)N(C)C(=O)c1ccc([N+](=O)[O-])cc1Br,CC(C(=O)O)N(C)C(=O)c1ccc([N+](=O)[O-])cc1Br,cand035,329.98513355200004,-7.576110999613594,-7.576111,True,False,nominate shortlist
MassSpecGymID0226249,191,cand090,NC(=O)CN(CC(=O)O)C(=O)c1cc(Br)ccc1O,NC(=O)CN(CC(=O)O)C(=O)c1cc(Br)ccc1O,cand090,329.985133552,-7.576110999441334,-7.576111,True,False,nominate shortlist
MassSpecGymID0226249,192,cand211,O=c1cc2n(c(=O)[nH]1)C1(CC(O)C(CO)O1)C(Br)=C2,O=c1cc2n(c(=O)[nH]1)C1(CC(O)C(CO)O1)C(Br)=C2,cand211,329.98513355200004,-7.576110999613594,-7.576111,True,False,nominate shortlist
MassSpecGymID0226249,193,cand214,CNC(=O)NC(=O)COC(=O)c1cc(Br)ccc1O,CNC(=O)NC(=O)COC(=O)c1cc(Br)ccc1O,cand214,329.985133552,-7.576110999441334,-7.576111,True,False,nominate shortlist
MassSpecGymID0226249,194,cand197,CNC(=O)NC(=O)COc1cc(C(=O)O)ccc1Br,CNC(=O)NC(=O)COc1cc(C(=O)O)ccc1Br,cand197,329.98513355200004,-7.576110999613594,-7.576111,True,False,nominate shortlist
MassSpecGymID0226249,195,cand041,O=C(O)CCC(NC(=O)c1ncccc1Br)C(=O)O,O=C(O)CCC(NC(=O)c1ncccc1Br)C(=O)O,cand041,329.985133552,-7.576110999441334,-7.576111,True,False,nominate shortlist
MassSpecGymID0226249,196,cand004,O=C(O)N1CCOC(c2ccc([N+](=O)[O-])cc2Br)C1,O=C(O)N1CCOC(c2ccc([N+](=O)[O-])cc2Br)C1,cand004,329.98513355200004,-7.576110999613594,-7.576111,True,False,nominate shortlist
MassSpecGymID0226249,197,cand123,O=C(O)CCC(NC(=O)c1ccc(Br)cn1)C(=O)O,O=C(O)CCC(NC(=O)c1ccc(Br)cn1)C(=O)O,cand123,329.985133552,-7.576110999441334,-7.576111,True,False,nominate shortlist
MassSpecGymID0226249,198,cand117,Nc1cc(C(=O)N(CC(=O)O)CC(=O)O)ccc1Br,Nc1cc(C(=O)N(CC(=O)O)CC(=O)O)ccc1Br,cand117,329.98513355200004,-7.576110999613594,-7.576111,True,False,nominate shortlist
MassSpecGymID0226249,199,cand126,O=C1COc2ccc([N+](=O)[O-])cc2N1CC(O)CBr,O=C1COc2ccc([N+](=O)[O-])cc2N1CC(O)CBr,cand126,329.98513355200004,-7.576110999613594,-7.576111,True,False,nominate shortlist
MassSpecGymID0226249,200,cand111,CN(CCC(=O)O)C(=O)c1ccc([N+](=O)[O-])cc1Br,CN(CCC(=O)O)C(=O)c1ccc([N+](=O)[O-])cc1Br,cand111,329.98513355200004,-7.576110999613594,-7.576111,True,False,nominate shortlist
MassSpecGymID0226249,201,cand043,NC(=O)CC(NC(=O)C=Cc1ccc(Br)o1)C(=O)O,NC(=O)CC(NC(=O)C=Cc1ccc(Br)o1)C(=O)O,cand043,329.985133552,-7.576110999441334,-7.576111,True,False,nominate shortlist
MassSpecGymID0226249,202,cand115,COC(=O)CNC(=O)Nc1ccc(Br)c(C(=O)O)c1,COC(=O)CNC(=O)Nc1ccc(Br)c(C(=O)O)c1,cand115,329.985133552,-7.576110999441334,-7.576111,True,False,nominate shortlist
MassSpecGymID0226249,203,cand156,Nc1ccc(C(=O)N(CC(=O)O)CC(=O)O)cc1Br,Nc1ccc(C(=O)N(CC(=O)O)CC(=O)O)cc1Br,cand156,329.98513355200004,-7.576110999613594,-7.576111,True,False,nominate shortlist
MassSpecGymID0226249,204,cand213,CCC(NC(=O)c1ccc(Br)cc1[N+](=O)[O-])C(=O)O,CCC(NC(=O)c1ccc(Br)cc1[N+](=O)[O-])C(=O)O,cand213,329.9851335519999,-7.5761109992690745,-7.576111,True,False,nominate shortlist
MassSpecGymID0226249,205,cand087,Nc1cc(Br)cc(C(=O)N(CC(=O)O)CC(=O)O)c1,Nc1cc(Br)cc(C(=O)N(CC(=O)O)CC(=O)O)c1,cand087,329.985133552,-7.576110999441334,-7.576111,True,False,nominate shortlist
MassSpecGymID0226249,206,cand130,O=C(CCBr)Nc1cc2c(cc1[N+](=O)[O-])OCCO2,O=C(CCBr)Nc1cc2c(cc1[N+](=O)[O-])OCCO2,cand130,329.985133552,-7.576110999441334,-7.576111,True,False,nominate shortlist
MassSpecGymID0226249,207,cand108,O=C(c1cc([N+](=O)[O-])ccc1Br)N1CC(O)C(O)C1,O=C(c1cc([N+](=O)[O-])ccc1Br)N1CC(O)C(O)C1,cand108,329.985133552,-7.576110999441334,-7.576111,True,False,nominate shortlist
MassSpecGymID0226249,208,cand064,NC(=O)c1cc(Br)ccc1NC(CC(=O)O)C(=O)O,NC(=O)c1cc(Br)ccc1NC(CC(=O)O)C(=O)O,cand064,329.9851335519999,-7.5761109992690745,-7.576111,True,False,nominate shortlist
MassSpecGymID0226249,209,cand089,O=C(COC(=O)c1ccc(Br)o1)NC(=O)NC1CC1,O=C(COC(=O)c1ccc(Br)o1)NC(=O)NC1CC1,cand089,329.98513355200004,-7.576110999613594,-7.576111,True,False,nominate shortlist
MassSpecGymID0226249,210,cand061,COC(=O)C1CC(=O)NN(C(=O)c2ccc(Br)o2)C1,COC(=O)C1CC(=O)NN(C(=O)c2ccc(Br)o2)C1,cand061,329.985133552,-7.576110999441334,-7.576111,True,False,nominate shortlist
MassSpecGymID0226249,211,cand173,O=C(O)CN(CC(=O)O)N=Cc1cc(Br)ccc1O,O=C(O)CN(CC(=O)O)N=Cc1cc(Br)ccc1O,cand173,329.985133552,-7.576110999441334,-7.576111,True,False,nominate shortlist
MassSpecGymID0226249,212,cand019,CN(CCC(=O)O)C(=O)c1ccc(Br)cc1[N+](=O)[O-],CN(CCC(=O)O)C(=O)c1ccc(Br)cc1[N+](=O)[O-],cand019,329.985133552,-7.576110999441334,-7.576111,True,False,nominate shortlist
MassSpecGymID0226249,213,cand168,COC(=O)CNC(=O)COC(=O)c1cncc(Br)c1,COC(=O)CNC(=O)COC(=O)c1cncc(Br)c1,cand168,329.98513355200004,-7.576110999613594,-7.576111,True,False,nominate shortlist
MassSpecGymID0226249,214,cand023,CC(C(=O)O)N(C)C(=O)c1cc(Br)cc([N+](=O)[O-])c1,CC(C(=O)O)N(C)C(=O)c1cc(Br)cc([N+](=O)[O-])c1,cand023,329.985133552,-7.576110999441334,-7.576111,True,False,nominate shortlist
MassSpecGymID0226249,215,cand025,CC(OC(=O)c1cc(Br)ccc1O)C(=O)NC(N)=O,CC(OC(=O)c1cc(Br)ccc1O)C(=O)NC(N)=O,cand025,329.98513355200004,-7.576110999613594,-7.576111,True,False,nominate shortlist
MassSpecGymID0226249,216,cand051,O=C(O)CC1(Oc2c(Br)cccc2[N+](=O)[O-])CNC1,O=C(O)CC1(Oc2c(Br)cccc2[N+](=O)[O-])CNC1,cand051,329.98513355200004,-7.576110999613594,-7.576111,True,False,nominate shortlist
MassSpecGymID0226249,217,cand083,O=C(O)CCCC(=O)Nc1ccc([N+](=O)[O-])c(Br)c1,O=C(O)CCCC(=O)Nc1ccc([N+](=O)[O-])c(Br)c1,cand083,329.98513355200004,-7.576110999613594,-7.576111,True,False,nominate shortlist
MassSpecGymID0226249,218,cand067,CC(NC(=O)Cc1ccc([N+](=O)[O-])cc1Br)C(=O)O,CC(NC(=O)Cc1ccc([N+](=O)[O-])cc1Br)C(=O)O,cand067,329.985133552,-7.576110999441334,-7.576111,True,False,nominate shortlist
MassSpecGymID0226249,219,cand120,CC(C(=O)O)N(C)C(=O)c1ccc(Br)cc1[N+](=O)[O-],CC(C(=O)O)N(C)C(=O)c1ccc(Br)cc1[N+](=O)[O-],cand120,329.985133552,-7.576110999441334,-7.576111,True,False,nominate shortlist
MassSpecGymID0226249,220,cand039,COC(=O)C(C)C(=O)Nc1cc([N+](=O)[O-])ccc1Br,COC(=O)C(C)C(=O)Nc1cc([N+](=O)[O-])ccc1Br,cand039,329.98513355200004,-7.576110999613594,-7.576111,True,False,nominate shortlist
MassSpecGymID0226249,221,cand184,NC(=O)c1c(Br)cccc1N(CC(=O)O)CC(=O)O,NC(=O)c1c(Br)cccc1N(CC(=O)O)CC(=O)O,cand184,329.985133552,-7.576110999441334,-7.576111,True,False,nominate shortlist
MassSpecGymID0226249,222,cand042,C#CC1(CO)OC(n2ccc(=O)[nH]c2=O)C(Br)C1O,C#CC1(CO)OC(n2ccc(=O)[nH]c2=O)C(Br)C1O,cand042,329.985133552,-7.576110999441334,-7.576111,True,False,nominate shortlist
MassSpecGymID0226249,223,cand068,COC(=O)CCC(=O)Nc1ccc([N+](=O)[O-])cc1Br,COC(=O)CCC(=O)Nc1ccc([N+](=O)[O-])cc1Br,cand068,329.98513355200004,-7.576110999613594,-7.576111,True,False,nominate shortlist
MassSpecGymID0226249,224,cand172,O=C(O)CNC(=O)CNC(=O)c1ccc(Br)c(O)c1,O=C(O)CNC(=O)CNC(=O)c1ccc(Br)c(O)c1,cand172,329.985133552,-7.576110999441334,-7.576111,True,False,nominate shortlist
MassSpecGymID0226249,225,cand176,CC(C)(NC(=O)c1cc(Br)cc([N+](=O)[O-])c1)C(=O)O,CC(C)(NC(=O)c1cc(Br)cc([N+](=O)[O-])c1)C(=O)O,cand176,329.985133552,-7.576110999441334,-7.576111,True,False,nominate shortlist
MassSpecGymID0226249,226,cand018,O=C(O)C1CC(O)CN1c1ccc(Br)cc1[N+](=O)[O-],O=C(O)C1CC(O)CN1c1ccc(Br)cc1[N+](=O)[O-],cand018,329.985133552,-7.576110999441334,-7.576111,True,False,nominate shortlist
MassSpecGymID0226249,227,cand116,CC(C)(C(=O)O)C(=O)Nc1ccc([N+](=O)[O-])cc1Br,CC(C)(C(=O)O)C(=O)Nc1ccc([N+](=O)[O-])cc1Br,cand116,329.98513355200004,-7.576110999613594,-7.576111,True,False,nominate shortlist
MassSpecGymID0226249,228,cand170,CCOC(=O)C=CCn1cc(Br)cc([N+](=O)[O-])c1=O,CCOC(=O)C=CCn1cc(Br)cc([N+](=O)[O-])c1=O,cand170,329.985133552,-7.576110999441334,-7.576111,True,False,nominate shortlist
MassSpecGymID0226249,229,cand226,CNC(=O)NC(=O)COC(=O)C=Cc1ccc(Br)o1,CNC(=O)NC(=O)COC(=O)C=Cc1ccc(Br)o1,cand226,329.985133552,-7.576110999441334,-7.576111,True,False,nominate shortlist
MassSpecGymID0226249,230,cand128,O=C(O)C1(Nc2ccc([N+](=O)[O-])cc2Br)CCOC1,O=C(O)C1(Nc2ccc([N+](=O)[O-])cc2Br)CCOC1,cand128,329.985133552,-7.576110999441334,-7.576111,True,False,nominate shortlist
MassSpecGymID0226249,231,cand113,O=C(O)C1COCC1Nc1ccc([N+](=O)[O-])cc1Br,O=C(O)C1COCC1Nc1ccc([N+](=O)[O-])cc1Br,cand113,329.98513355200004,-7.576110999613594,-7.576111,True,False,nominate shortlist
MassSpecGymID0226249,232,cand011,NC(=O)NC(=O)COC(=O)COc1ccc(Br)cc1,NC(=O)NC(=O)COC(=O)COc1ccc(Br)cc1,cand011,329.98513355200004,-7.576110999613594,-7.576111,True,False,nominate shortlist
MassSpecGymID0226249,233,cand137,COC(=O)CCNC(=O)c1ccc(Br)c([N+](=O)[O-])c1,COC(=O)CCNC(=O)c1ccc(Br)c([N+](=O)[O-])c1,cand137,329.985133552,-7.576110999441334,-7.576111,True,False,nominate shortlist
MassSpecGymID0226249,234,cand110,Nc1c(Br)cccc1C(=O)N(CC(=O)O)CC(=O)O,Nc1c(Br)cccc1C(=O)N(CC(=O)O)CC(=O)O,cand110,329.985133552,-7.576110999441334,-7.576111,True,False,nominate shortlist
MassSpecGymID0226249,235,cand234,NC(=O)CN(CC(=O)O)C(=O)c1ccc(Br)cc1O,NC(=O)CN(CC(=O)O)C(=O)c1ccc(Br)cc1O,cand234,329.985133552,-7.576110999441334,-7.576111,True,False,nominate shortlist
MassSpecGymID0226249,236,cand122,O=C(O)NC(Cc1ccc([N+](=O)[O-])cc1)C(=O)CBr,O=C(O)NC(Cc1ccc([N+](=O)[O-])cc1)C(=O)CBr,cand122,329.98513355200004,-7.576110999613594,-7.576111,True,False,nominate shortlist
MassSpecGymID0226249,237,cand069,COC(=O)CN(C)C(=O)c1cc([N+](=O)[O-])ccc1Br,COC(=O)CN(C)C(=O)c1cc([N+](=O)[O-])ccc1Br,cand069,329.98513355200004,-7.576110999613594,-7.576111,True,False,nominate shortlist
MassSpecGymID0226249,238,cand095,CCNC(=O)c1c(Br)cc(C(=O)OC)cc1[N+](=O)[O-],CCNC(=O)c1c(Br)cc(C(=O)OC)cc1[N+](=O)[O-],cand095,329.985133552,-7.576110999441334,-7.576111,True,False,nominate shortlist
MassSpecGymID0226249,239,cand188,CC(=CC(=O)O)Cn1cc([N+](=O)[O-])c(C)c(Br)c1=O,CC(=CC(=O)O)Cn1cc([N+](=O)[O-])c(C)c(Br)c1=O,cand188,329.985133552,-7.576110999441334,-7.576111,True,False,nominate shortlist
MassSpecGymID0226249,240,cand169,COC(=O)C(CCc1ccc(Br)cc1[N+](=O)[O-])N=O,COC(=O)C(CCc1ccc(Br)cc1[N+](=O)[O-])N=O,cand169,329.985133552,-7.576110999441334,-7.576111,True,False,nominate shortlist
MassSpecGymID0226249,241,cand139,CCOC(=O)CNC(=O)c1cccc([N+](=O)[O-])c1Br,CCOC(=O)CNC(=O)c1cccc([N+](=O)[O-])c1Br,cand139,329.98513355200004,-7.576110999613594,-7.576111,True,False,nominate shortlist
MassSpecGymID0226249,242,cand071,N#Cc1ccc(Cl)c(S(=O)(=O)NCC(F)(F)C(F)F)c1,N#Cc1ccc(Cl)c(S(=O)(=O)NCC(F)(F)C(F)F)c1,cand071,329.985289024,-8.047255705933875,-8.047256,False,False,nominate shortlist
MassSpecGymID0226249,243,cand189,CCS(=O)(=O)CCOc1ccc(F)cc1S(=O)(=O)Cl,CCS(=O)(=O)CCOc1ccc(F)cc1S(=O)(=O)Cl,cand189,329.979871384,8.370704517403096,-8.370705,False,False,nominate shortlist
MassSpecGymID0226249,244,cand154,FC1(F)C(C#Cc2ccccc2)=C1c1ccc(Br)cc1,FC1(F)C(C#Cc2ccccc2)=C1c1ccc(Br)cc1,cand154,329.98556882800005,-8.895176872298439,-8.895177,False,False,nominate shortlist
MassSpecGymID0226249,245,cand075,O=C(NNSc1ccccc1Cl)c1c(F)cccc1Cl,O=C(NNSc1ccccc1Cl)c1c(F)cccc1Cl,cand075,329.979667488,8.988614427625356,-8.988614,False,False,nominate shortlist
MassSpecGymID0226249,246,cand092,Oc1c(F)cccc1NC(=S)Nc1cc(Cl)cc(Cl)c1,Oc1c(F)cccc1NC(=S)Nc1cc(Cl)cc(Cl)c1,cand092,329.979667488,8.988614427625356,-8.988614,True,False,nominate shortlist
MassSpecGymID0226249,247,cand104,Oc1ccc(NC(=S)Nc2cc(Cl)cc(Cl)c2)cc1F,Oc1ccc(NC(=S)Nc2cc(Cl)cc(Cl)c2)cc1F,cand104,329.979667488,8.988614427625356,-8.988614,True,False,nominate shortlist
MassSpecGymID0226249,248,cand107,NC(=NO)c1c(F)cccc1Sc1cc(Cl)ccc1Cl,NC(=NO)c1c(F)cccc1Sc1cc(Cl)ccc1Cl,cand107,329.979667488,8.988614427625356,-8.988614,True,False,nominate shortlist
MassSpecGymID0226249,249,cand195,O=C(Nc1nc2cnc(C(F)(F)F)cc2s1)c1ccsn1,O=C(Nc1nc2cnc(C(F)(F)F)cc2s1)c1ccsn1,cand195,329.98568744000005,-9.25461956764609,-9.25462,False,False,nominate shortlist
MassSpecGymID0226249,250,cand124,[H]N=C1C(=Cc2cccs2)C(=O)N=C2SC(C(F)(F)F)=NN21,N=C1C(=Cc2cccs2)C(=O)N=C2SC(C(F)(F)F)=NN12,cand124,329.9856874400001,-9.254619567818349,-9.25462,True,False,nominate shortlist
MassSpecGymID0226249,251,cand181,Cn1nnc(NC(=S)NC(=O)c2cccc(Cl)c2Cl)n1,Cn1nnc(NC(=S)NC(=O)c2cccc(Cl)c2Cl)n1,cand181,329.985735236,-9.399460851664044,-9.399461,False,False,nominate shortlist
MassSpecGymID0226249,252,cand149,Cn1nnc(NC(=S)NC(=O)c2ccc(Cl)cc2Cl)n1,Cn1nnc(NC(=S)NC(=O)c2ccc(Cl)cc2Cl)n1,cand149,329.985735236,-9.399460851664044,-9.399461,True,False,nominate shortlist
MassSpecGymID0226249,253,cand017,CCOC(=O)c1sc2[nH+]c(OCC)ccc2c1Br,CCOC(=O)c1sc2[nH+]c(OCC)ccc2c1Br,cand017,329.97940279609,9.790768401360868,-9.790768,False,False,nominate shortlist
MassSpecGymID0226249,254,cand242,O=[N+]([O-])c1cc([N+](=O)[O-])c2ccc(OS(=O)(=O)O)cc2c1O,O=[N+]([O-])c1cc([N+](=O)[O-])c2ccc(OS(=O)(=O)O)cc2c1O,cand242,329.97940077199996,9.796902450571197,-9.796902,False,False,nominate shortlist
