query_id,rank,id,smiles,smiles_2d,merged_ids,exact_mass,ppm_error,score_mass,score_model,tied_with_previous,in_shortlist,decision
MassSpecGymID0395778,1,cand021,CCCCCC=CCC=CCC=CCC=CCCCC(=O)OC(COC(=O)CCCC=CCC=CCC=CCC=CCCCC(C)O)COP(=O)(O)OCCN,CCCCCC=CCC=CCC=CCC=CCCCC(=O)OC(COC(=O)CCCC=CCC=CCC=CCC=CCCCC(C)O)COP(=O)(O)OCCN,cand021,803.5101195780001,-123.63288971679215,-123.63289,0.42060333,False,True,decline: top score below validation threshold
MassSpecGymID0395778,2,cand131,CCCCCC=CCC=CCC=CCC=CCCCC(=O)OCC(COP(=O)(O)OCCN)OC(=O)CCCC=CCC=CCC=CCC=CCCCC(C)O,CCCCCC=CCC=CCC=CCC=CCCCC(=O)OCC(COP(=O)(O)OCCN)OC(=O)CCCC=CCC=CCC=CCC=CCCCC(C)O,cand131,803.510119578,-123.63288971665068,-123.63289,0.42060333,True,True,decline: top score below validation threshold
MassSpecGymID0395778,3,cand080,CCCCCC=CCC=CCC=CCC=CCCCC(=O)OC(COC(=O)CCCC=CCC=CCC=CCC=CCCCCCO)COP(=O)(O)OCCN,CCCCCC=CCC=CCC=CCC=CCCCC(=O)OC(COC(=O)CCCC=CCC=CCC=CCC=CCCCCCO)COP(=O)(O)OCCN,cand080,803.5101195780001,-123.63288971679215,-123.63289,0.35091662,False,True,decline: top score below validation threshold
MassSpecGymID0395778,4,cand056,CCCCCC=CCC=CCC=CCC=CCCCC(=O)OCC(COP(=O)(O)OCCN)OC(=O)CCCC=CCC=CCC=CCC=CCCCCCO,CCCCCC=CCC=CCC=CCC=CCCCC(=O)OCC(COP(=O)(O)OCCN)OC(=O)CCCC=CCC=CCC=CCC=CCCCCCO,cand056,803.510119578,-123.63288971665068,-123.63289,0.35091662,True,True,decline: top score below validation threshold
MassSpecGymID0395778,5,cand090,CCCCCC=CCC=CCC=CCCCCCCC(=O)OCC(COP(=O)(O)OCCN)OC(=O)CCCC=CCC=CCC=CC=CC(=O)CCCCC,CCCCCC=CCC=CCC=CCCCCCCC(=O)OCC(COP(=O)(O)OCCN)OC(=O)CCCC=CCC=CCC=CC=CC(=O)CCCCC,cand090,803.510119578,-123.63288971665068,-123.63289,0.2956609,False,True,decline: top score below validation threshold
MassSpecGymID0395778,6,cand060,CCCCCCCCC=CCC=CCC=CCCCC(=O)OC(COC(=O)CCCC=CCC=CCC=CC=CC(=O)CCCCC)COP(=O)(O)OCCN,CCCCCCCCC=CCC=CCC=CCCCC(=O)OC(COC(=O)CCCC=CCC=CCC=CC=CC(=O)CCCCC)COP(=O)(O)OCCN,cand060,803.5101195780001,-123.63288971679215,-123.63289,0.2956609,True,False,decline: top score below validation threshold
MassSpecGymID0395778,7,cand208,CCCCCCCCC=CCC=CCC=CCCCC(=O)OCC(COP(=O)(O)OCCN)OC(=O)CCCC=CCC=CCC=CC=CC(=O)CCCCC,CCCCCCCCC=CCC=CCC=CCCCC(=O)OCC(COP(=O)(O)OCCN)OC(=O)CCCC=CCC=CCC=CC=CC(=O)CCCCC,cand208,803.510119578,-123.63288971665068,-123.63289,0.2956609,True,False,decline: top score below validation threshold
MassSpecGymID0395778,8,cand110,CCCCCC=CCC=CCC=CCCCCCCC(=O)OC(COC(=O)CCCC=CCC=CCC=CC=CC(=O)CCCCC)COP(=O)(O)OCCN,CCCCCC=CCC=CCC=CCCCCCCC(=O)OC(COC(=O)CCCC=CCC=CCC=CC=CC(=O)CCCCC)COP(=O)(O)OCCN,cand110,803.5101195780001,-123.63288971679215,-123.63289,0.2956609,True,False,decline: top score below validation threshold
MassSpecGymID0395778,9,cand055,CCC=CCC=CCC=CCC=CCCCCCCC(=O)OC(COC(=O)CCCC=CCC=CCC=CCC=CCCCC(C)O)COP(=O)(O)OCCN,CCC=CCC=CCC=CCC=CCCCCCCC(=O)OC(COC(=O)CCCC=CCC=CCC=CCC=CCCCC(C)O)COP(=O)(O)OCCN,cand055,803.5101195780001,-123.63288971679215,-123.63289,0.2857035,False,False,decline: top score below validation threshold
MassSpecGymID0395778,10,cand188,CCC=CCC=CCC=CCC=CCCCCCCC(=O)OCC(COP(=O)(O)OCCN)OC(=O)CCCC=CCC=CCC=CCC=CCCCC(C)O,CCC=CCC=CCC=CCC=CCCCCCCC(=O)OCC(COP(=O)(O)OCCN)OC(=O)CCCC=CCC=CCC=CCC=CCCCC(C)O,cand188,803.510119578,-123.63288971665068,-123.63289,0.2857035,True,False,decline: top score below validation threshold
MassSpecGymID0395778,11,cand089,CCCCCC=CCC=CCC=CC=CC(=O)CCCC(=O)OC(COC(=O)CCCCCCC=CCC=CCC=CCCCCC)COP(=O)(O)OCCN,CCCCCC=CCC=CCC=CC=CC(=O)CCCC(=O)OC(COC(=O)CCCCCCC=CCC=CCC=CCCCCC)COP(=O)(O)OCCN,cand089,803.5101195780001,-123.63288971679215,-123.63289,0.27495325,False,False,decline: top score below validation threshold
MassSpecGymID0395778,12,cand173,CCCCCC=CCC=CCC=CC=CC(=O)CCCC(=O)OCC(COP(=O)(O)OCCN)OC(=O)CCCCCCC=CCC=CCC=CCCCCC,CCCCCC=CCC=CCC=CC=CC(=O)CCCC(=O)OCC(COP(=O)(O)OCCN)OC(=O)CCCCCCC=CCC=CCC=CCCCCC,cand173,803.5101195779998,-123.63288971650923,-123.63289,0.27495325,True,False,decline: top score below validation threshold
MassSpecGymID0395778,13,cand000,C#CCCCC1OC(=O)C(C(C)O)NC(=O)C(C(C)C)N(C)C(=O)C2CCCN2C(=O)C(C(C)CC)OC(=O)C(C(C)C)N(C)C(=O)C(C(C)C)NC(=O)C1(C)C,C#CCCCC1OC(=O)C(C(C)O)NC(=O)C(C(C)C)N(C)C(=O)C2CCCN2C(=O)C(C(C)CC)OC(=O)C(C(C)C)N(C)C(=O)C(C(C)C)NC(=O)C1(C)C,cand000,803.5044434079999,-116.56949599770182,-116.569496,0.27053577,False,False,decline: top score below validation threshold
MassSpecGymID0395778,14,cand065,CCCCCC=CCC=CCC=CC=CC(=O)CCCC(=O)OCC(COP(=O)(O)OCCN)OC(=O)CCCC=CCC=CCC=CCCCCCCCC,CCCCCC=CCC=CCC=CC=CC(=O)CCCC(=O)OCC(COP(=O)(O)OCCN)OC(=O)CCCC=CCC=CCC=CCCCCCCCC,cand065,803.5101195779998,-123.63288971650923,-123.63289,0.26531127,False,False,decline: top score below validation threshold
MassSpecGymID0395778,15,cand199,CCCCCC=CCC=CCC=CC=CC(=O)CCCC(=O)OC(COC(=O)CCCC=CCC=CCC=CCCCCCCCC)COP(=O)(O)OCCN,CCCCCC=CCC=CCC=CC=CC(=O)CCCC(=O)OC(COC(=O)CCCC=CCC=CCC=CCCCCCCCC)COP(=O)(O)OCCN,cand199,803.5101195780001,-123.63288971679215,-123.63289,0.26531127,True,False,decline: top score below validation threshold
MassSpecGymID0395778,16,cand196,CCCCCC=CCC=CCC=CCC=CCCCC(=O)OCC(COP(=O)(O)OCCN)OC(=O)CCCC=CCC=CCC=CCC=CCC(O)CCC,CCCCCC=CCC=CCC=CCC=CCCCC(=O)OCC(COP(=O)(O)OCCN)OC(=O)CCCC=CCC=CCC=CCC=CCC(O)CCC,cand196,803.510119578,-123.63288971665068,-123.63289,0.24521747,False,False,decline: top score below validation threshold
MassSpecGymID0395778,17,cand101,CCCCCC=CCC=CCC=CCC=CCCCC(=O)OCC(COP(=O)(O)OCCN)OC(=O)CCCC=CCC=CCC=CCC=CCCC(O)CC,CCCCCC=CCC=CCC=CCC=CCCCC(=O)OCC(COP(=O)(O)OCCN)OC(=O)CCCC=CCC=CCC=CCC=CCCC(O)CC,cand101,803.510119578,-123.63288971665068,-123.63289,0.24487242,False,False,decline: top score below validation threshold
MassSpecGymID0395778,18,cand195,CCCCCC=CCC=CCC=CCC=CCCCC(=O)OC(COC(=O)CCCC=CCC=CCC=CCC=CCCC(O)CC)COP(=O)(O)OCCN,CCCCCC=CCC=CCC=CCC=CCCCC(=O)OC(COC(=O)CCCC=CCC=CCC=CCC=CCCC(O)CC)COP(=O)(O)OCCN,cand195,803.5101195780001,-123.63288971679215,-123.63289,0.24487242,True,False,decline: top score below validation threshold
MassSpecGymID0395778,19,cand209,CCC(=O)OC1C(OC2C(C)C(OC3CC(C)(OC)C(O)C(C)O3)C(C)C(=O)OC(CC)C(C)(O)C(O)C(C)C(=O)C(C)CC2(C)OC)OC(C)CC1N(C)C,CCC(=O)OC1C(OC2C(C)C(OC3CC(C)(OC)C(O)C(C)O3)C(C)C(=O)OC(CC)C(C)(O)C(O)C(C)C(=O)C(C)CC2(C)OC)OC(C)CC1N(C)C,cand209,803.503106016,-114.90523845985462,-114.905238,0.23583631,False,False,decline: top score below validation threshold
MassSpecGymID0395778,20,cand152,CCCC=CC=CC=CCC1CC(C)OC(C)(C(=O)NC(C)CCC(N)=O)OC(=O)C2CC(CCC2O)NC(=O)C(C(C)C)NC(=O)C(CC(C)C)NC(=O)CO1,CCCC=CC=CC=CCC1CC(C)OC(C)(C(=O)NC(C)CCC(N)=O)OC(=O)C2CC(CCC2O)NC(=O)C(C(C)C)NC(=O)C(CC(C)C)NC(=O)CO1,cand152,803.504443408,-116.5694959978433,-116.569496,0.23508471,False,False,decline: top score below validation threshold
MassSpecGymID0395778,21,cand222,CCC=CCC1OC1CC=CCC=CCC=CCC=CCCC(=O)OC(COC(=O)CCCCCCCC=CCC=CCCCCC)COP(=O)(O)OCCN,CCC=CCC1OC1CC=CCC=CCC=CCC=CCCC(=O)OC(COC(=O)CCCCCCCC=CCC=CCCCCC)COP(=O)(O)OCCN,cand222,803.5101195780001,-123.63288971679215,-123.63289,0.23179069,False,False,decline: top score below validation threshold
MassSpecGymID0395778,22,cand066,CCC=CCC1OC1CC=CCC=CCC=CCC=CCCC(=O)OCC(COP(=O)(O)OCCN)OC(=O)CCCCCCCC=CCC=CCCCCC,CCC=CCC1OC1CC=CCC=CCC=CCC=CCCC(=O)OCC(COP(=O)(O)OCCN)OC(=O)CCCCCCCC=CCC=CCCCCC,cand066,803.510119578,-123.63288971665068,-123.63289,0.23179069,True,False,decline: top score below validation threshold
MassSpecGymID0395778,23,cand164,CCCCCC=CCC=CCC=CCC=CCCCC(=O)OC(COC(=O)CCCC=CCC1OC1CC=CCC=CCCCCC)COP(=O)(O)OCCN,CCCCCC=CCC=CCC=CCC=CCCCC(=O)OC(COC(=O)CCCC=CCC1OC1CC=CCC=CCCCCC)COP(=O)(O)OCCN,cand164,803.5101195780001,-123.63288971679215,-123.63289,0.2257344,False,False,decline: top score below validation threshold
MassSpecGymID0395778,24,cand115,CCCCCC=CCC=CCC=CCC=CCCCC(=O)OC(COC(=O)CCCC=CCC=CCC1OC1CC=CCCCCC)COP(=O)(O)OCCN,CCCCCC=CCC=CCC=CCC=CCCCC(=O)OC(COC(=O)CCCC=CCC=CCC1OC1CC=CCCCCC)COP(=O)(O)OCCN,cand115,803.5101195780001,-123.63288971679215,-123.63289,0.2257344,True,False,decline: top score below validation threshold
MassSpecGymID0395778,25,cand072,CCCCCC=CCC=CCC=CCC=CCCCC(=O)OCC(COP(=O)(O)OCCN)OC(=O)CCCC=CCC=CCC1OC1CC=CCCCCC,CCCCCC=CCC=CCC=CCC=CCCCC(=O)OCC(COP(=O)(O)OCCN)OC(=O)CCCC=CCC=CCC1OC1CC=CCCCCC,cand072,803.510119578,-123.63288971665068,-123.63289,0.2257344,True,False,decline: top score below validation threshold
MassSpecGymID0395778,26,cand149,CCCCCC=CCC=CCC=CCC=CCCCC(=O)OCC(COP(=O)(O)OCCN)OC(=O)CCCC=CCC1OC1CC=CCC=CCCCCC,CCCCCC=CCC=CCC=CCC=CCCCC(=O)OCC(COP(=O)(O)OCCN)OC(=O)CCCC=CCC1OC1CC=CCC=CCCCCC,cand149,803.510119578,-123.63288971665068,-123.63289,0.2257344,True,False,decline: top score below validation threshold
MassSpecGymID0395778,27,cand121,CCC=CCC=CCC=CCC=CCCCCCCC(=O)OC(COC(=O)CCCC=CCC=CCC=CCC=CCCCCCO)COP(=O)(O)OCCN,CCC=CCC=CCC=CCC=CCCCCCCC(=O)OC(COC(=O)CCCC=CCC=CCC=CCC=CCCCCCO)COP(=O)(O)OCCN,cand121,803.5101195780001,-123.63288971679215,-123.63289,0.22387548,False,False,decline: top score below validation threshold
MassSpecGymID0395778,28,cand193,CCC=CCC=CCC=CCC=CCCCCCCC(=O)OCC(COP(=O)(O)OCCN)OC(=O)CCCC=CCC=CCC=CCC=CCCCCCO,CCC=CCC=CCC=CCC=CCCCCCCC(=O)OCC(COP(=O)(O)OCCN)OC(=O)CCCC=CCC=CCC=CCC=CCCCCCO,cand193,803.510119578,-123.63288971665068,-123.63289,0.22387548,True,False,decline: top score below validation threshold
MassSpecGymID0395778,29,cand019,CCCCCC=CCC=CCC=CCC=CCCCC(=O)OCC(COP(=O)(O)OCCN)OC(=O)CCCC=CCC=CCC=CCC=CC(O)CCCC,CCCCCC=CCC=CCC=CCC=CCCCC(=O)OCC(COP(=O)(O)OCCN)OC(=O)CCCC=CCC=CCC=CCC=CC(O)CCCC,cand019,803.510119578,-123.63288971665068,-123.63289,0.21572414,False,False,decline: top score below validation threshold
MassSpecGymID0395778,30,cand039,CCCCCC=CCC=CCC=CCC=CCCCC(=O)OC(COC(=O)CCCC=CCC=CCC=CCC=CC(O)CCCC)COP(=O)(O)OCCN,CCCCCC=CCC=CCC=CCC=CCCCC(=O)OC(COC(=O)CCCC=CCC=CCC=CCC=CC(O)CCCC)COP(=O)(O)OCCN,cand039,803.5101195780001,-123.63288971679215,-123.63289,0.21572414,True,False,decline: top score below validation threshold
MassSpecGymID0395778,31,cand116,CCCC(=O)OC1C(OC2C(C)C(OC3CC(C)(OC)C(O)C(C)O3)C(C)C(=O)OC(CC)C(C)(O)C(O)C(C)C(=O)C(C)CC2(C)O)OC(C)CC1N(C)C,CCCC(=O)OC1C(OC2C(C)C(OC3CC(C)(OC)C(O)C(C)O3)C(C)C(=O)OC(CC)C(C)(O)C(O)C(C)C(=O)C(C)CC2(C)O)OC(C)CC1N(C)C,cand116,803.503106016,-114.90523845985462,-114.905238,0.2143937,False,False,decline: top score below validation threshold
MassSpecGymID0395778,32,cand155,CCCCCC=CCC=CCC=CCC=CCCCC(=O)OC(COC(=O)CCCC=CCC=CCC=CC=CC(O)CCCCC)COP(=O)(O)OCCN,CCCCCC=CCC=CCC=CCC=CCCCC(=O)OC(COC(=O)CCCC=CCC=CCC=CC=CC(O)CCCCC)COP(=O)(O)OCCN,cand155,803.5101195780001,-123.63288971679215,-123.63289,0.21027744,False,False,decline: top score below validation threshold
MassSpecGymID0395778,33,cand053,CCCCCC=CCC=CCC=CCC=CCCCC(=O)OCC(COP(=O)(O)OCCN)OC(=O)CCCC=CCC=CCC=CC=CC(O)CCCCC,CCCCCC=CCC=CCC=CCC=CCCCC(=O)OCC(COP(=O)(O)OCCN)OC(=O)CCCC=CCC=CCC=CC=CC(O)CCCCC,cand053,803.510119578,-123.63288971665068,-123.63289,0.21027744,True,False,decline: top score below validation threshold
MassSpecGymID0395778,34,cand018,CCCCCC=CCC=CCC=CC=CC(O)CCCC(=O)OC(COC(=O)CCCC=CCC=CCC=CCC=CCCCCC)COP(=O)(O)OCCN,CCCCCC=CCC=CCC=CC=CC(O)CCCC(=O)OC(COC(=O)CCCC=CCC=CCC=CCC=CCCCCC)COP(=O)(O)OCCN,cand018,803.5101195780001,-123.63288971679215,-123.63289,0.1948,False,False,decline: top score below validation threshold
MassSpecGymID0395778,35,cand082,CCCCCC=CCC=CCC=CC=CC(O)CCCC(=O)OCC(COP(=O)(O)OCCN)OC(=O)CCCC=CCC=CCC=CCC=CCCCCC,CCCCCC=CCC=CCC=CC=CC(O)CCCC(=O)OCC(COP(=O)(O)OCCN)OC(=O)CCCC=CCC=CCC=CCC=CCCCCC,cand082,803.5101195779998,-123.63288971650923,-123.63289,0.1948,True,False,decline: top score below validation threshold
MassSpecGymID0395778,36,cand189,CCC=CCC=CCC=CCC=CCCCCCCC(=O)OC(COC(=O)CCCC=CCC=CCC1OC1CC=CCCCCC)COP(=O)(O)OCCN,CCC=CCC=CCC=CCC=CCCCCCCC(=O)OC(COC(=O)CCCC=CCC=CCC1OC1CC=CCCCCC)COP(=O)(O)OCCN,cand189,803.5101195780001,-123.63288971679215,-123.63289,0.18106571,False,False,decline: top score below validation threshold
MassSpecGymID0395778,37,cand097,CCC=CCC=CCC=CCC=CCCCCCCC(=O)OC(COC(=O)CCCC=CCC1OC1CC=CCC=CCCCCC)COP(=O)(O)OCCN,CCC=CCC=CCC=CCC=CCCCCCCC(=O)OC(COC(=O)CCCC=CCC1OC1CC=CCC=CCCCCC)COP(=O)(O)OCCN,cand097,803.5101195780001,-123.63288971679215,-123.63289,0.18106571,True,False,decline: top score below validation threshold
MassSpecGymID0395778,38,cand124,CCC=CCC=CCC=CCC=CCCCCCCC(=O)OCC(COP(=O)(O)OCCN)OC(=O)CCCC=CCC1OC1CC=CCC=CCCCCC,CCC=CCC=CCC=CCC=CCCCCCCC(=O)OCC(COP(=O)(O)OCCN)OC(=O)CCCC=CCC1OC1CC=CCC=CCCCCC,cand124,803.510119578,-123.63288971665068,-123.63289,0.18106571,True,False,decline: top score below validation threshold
MassSpecGymID0395778,39,cand059,CCC=CCC=CCC=CCC=CCCCCCCC(=O)OCC(COP(=O)(O)OCCN)OC(=O)CCCC=CCC=CCC1OC1CC=CCCCCC,CCC=CCC=CCC=CCC=CCCCCCCC(=O)OCC(COP(=O)(O)OCCN)OC(=O)CCCC=CCC=CCC1OC1CC=CCCCCC,cand059,803.510119578,-123.63288971665068,-123.63289,0.18106571,True,False,decline: top score below validation threshold
MassSpecGymID0395778,40,cand203,CCC=CCC=CC=CC(O)CCCCCCCC(=O)OCC(COP(=O)(O)OCCN)OC(=O)CCC=CCC=CCC=CCC=CCC=CCCCCC,CCC=CCC=CC=CC(O)CCCCCCCC(=O)OCC(COP(=O)(O)OCCN)OC(=O)CCC=CCC=CCC=CCC=CCC=CCCCCC,cand203,803.5101195779998,-123.63288971650923,-123.63289,0.1755715,False,False,decline: top score below validation threshold
MassSpecGymID0395778,41,cand084,CCC=CCC=CC=CC(O)CCCCCCCC(=O)OC(COC(=O)CCC=CCC=CCC=CCC=CCC=CCCCCC)COP(=O)(O)OCCN,CCC=CCC=CC=CC(O)CCCCCCCC(=O)OC(COC(=O)CCC=CCC=CCC=CCC=CCC=CCCCCC)COP(=O)(O)OCCN,cand084,803.5101195780001,-123.63288971679215,-123.63289,0.1755715,True,False,decline: top score below validation threshold
MassSpecGymID0395778,42,cand178,CCCCCC=CCC=CCC=CCC=CCCCC(=O)OCC(COP(=O)(O)OCCN)OC(=O)CCCC=CCC=CC=CC(O)CC=CCCCCC,CCCCCC=CCC=CCC=CCC=CCCCC(=O)OCC(COP(=O)(O)OCCN)OC(=O)CCCC=CCC=CC=CC(O)CC=CCCCCC,cand178,803.510119578,-123.63288971665068,-123.63289,0.17513025,False,False,decline: top score below validation threshold
MassSpecGymID0395778,43,cand219,CCCCCC=CCC=CCC=CCC=CCCCC(=O)OC(COC(=O)CCCC=CCC=CC=CC(O)CC=CCCCCC)COP(=O)(O)OCCN,CCCCCC=CCC=CCC=CCC=CCCCC(=O)OC(COC(=O)CCCC=CCC=CC=CC(O)CC=CCCCCC)COP(=O)(O)OCCN,cand219,803.5101195780001,-123.63288971679215,-123.63289,0.17513025,True,False,decline: top score below validation threshold
MassSpecGymID0395778,44,cand177,CCCCCC=CCC=CCC=CCC=CCCCC(=O)OCC(COP(=O)(O)OCCN)OC(=O)CCCC=CCC=CCC=CCC1OC1CCCCC,CCCCCC=CCC=CCC=CCC=CCCCC(=O)OCC(COP(=O)(O)OCCN)OC(=O)CCCC=CCC=CCC=CCC1OC1CCCCC,cand177,803.510119578,-123.63288971665068,-123.63289,0.17324519,False,False,decline: top score below validation threshold
MassSpecGymID0395778,45,cand134,CCCCCC=CCC=CCC=CCC=CCCCC(=O)OC(COC(=O)CCCC=CCC=CCC=CCC1OC1CCCCC)COP(=O)(O)OCCN,CCCCCC=CCC=CCC=CCC=CCCCC(=O)OC(COC(=O)CCCC=CCC=CCC=CCC1OC1CCCCC)COP(=O)(O)OCCN,cand134,803.5101195780001,-123.63288971679215,-123.63289,0.17324518,False,False,decline: top score below validation threshold
MassSpecGymID0395778,46,cand054,CCC=CCC=CCC=CCC=CCC=CCC=CCCC(=O)OCC(COP(=O)(O)OCCN)OC(=O)CCCCCCCC=CCC1OC1CCCCC,CCC=CCC=CCC=CCC=CCC=CCC=CCCC(=O)OCC(COP(=O)(O)OCCN)OC(=O)CCCCCCCC=CCC1OC1CCCCC,cand054,803.510119578,-123.63288971665068,-123.63289,0.16719604,False,False,decline: top score below validation threshold
MassSpecGymID0395778,47,cand119,CCC=CCC=CCC=CCC=CCC=CCC=CCCC(=O)OCC(COP(=O)(O)OCCN)OC(=O)CCCCCCCC1OC1CC=CCCCCC,CCC=CCC=CCC=CCC=CCC=CCC=CCCC(=O)OCC(COP(=O)(O)OCCN)OC(=O)CCCCCCCC1OC1CC=CCCCCC,cand119,803.510119578,-123.63288971665068,-123.63289,0.16719604,True,False,decline: top score below validation threshold
MassSpecGymID0395778,48,cand011,CCC=CCC=CCC=CCC=CCC=CCC=CCCC(=O)OC(COC(=O)CCCCCCCC1OC1CC=CCCCCC)COP(=O)(O)OCCN,CCC=CCC=CCC=CCC=CCC=CCC=CCCC(=O)OC(COC(=O)CCCCCCCC1OC1CC=CCCCCC)COP(=O)(O)OCCN,cand011,803.510119578,-123.63288971665068,-123.63289,0.16719604,True,False,decline: top score below validation threshold
MassSpecGymID0395778,49,cand112,CCC=CCC=CCC=CCC=CCC=CCC=CCCC(=O)OC(COC(=O)CCCCCCCC=CCC1OC1CCCCC)COP(=O)(O)OCCN,CCC=CCC=CCC=CCC=CCC=CCC=CCCC(=O)OC(COC(=O)CCCCCCCC=CCC1OC1CCCCC)COP(=O)(O)OCCN,cand112,803.510119578,-123.63288971665068,-123.63289,0.16719604,True,False,decline: top score below validation threshold
MassSpecGymID0395778,50,cand093,CCC=CCC=CCC=CCC=CCC=CCCCCCC(=O)OCC(COP(=O)(O)OCCN)OC(=O)CCCCCCCC=CC=CC(=O)CCCCC,CCC=CCC=CCC=CCC=CCC=CCCCCCC(=O)OCC(COP(=O)(O)OCCN)OC(=O)CCCCCCCC=CC=CC(=O)CCCCC,cand093,803.510119578,-123.63288971665068,-123.63289,0.16620246,False,False,decline: top score below validation threshold
MassSpecGymID0395778,51,cand042,CCC=CCC=CCC=CCC=CCC=CCCCCCC(=O)OCC(COP(=O)(O)OCCN)OC(=O)CCCCCCCC(=O)C=CC=CCCCCC,CCC=CCC=CCC=CCC=CCC=CCCCCCC(=O)OCC(COP(=O)(O)OCCN)OC(=O)CCCCCCCC(=O)C=CC=CCCCCC,cand042,803.510119578,-123.63288971665068,-123.63289,0.16620246,True,False,decline: top score below validation threshold
MassSpecGymID0395778,52,cand068,CCC=CCC=CCC=CCC=CCC=CCCCCCC(=O)OC(COC(=O)CCCCCCCC=CC=CC(=O)CCCCC)COP(=O)(O)OCCN,CCC=CCC=CCC=CCC=CCC=CCCCCCC(=O)OC(COC(=O)CCCCCCCC=CC=CC(=O)CCCCC)COP(=O)(O)OCCN,cand068,803.5101195780001,-123.63288971679215,-123.63289,0.16620246,True,False,decline: top score below validation threshold
MassSpecGymID0395778,53,cand104,CCC=CCC=CCC=CCC=CCC=CCCCCCC(=O)OC(COC(=O)CCCCCCCC(=O)C=CC=CCCCCC)COP(=O)(O)OCCN,CCC=CCC=CCC=CCC=CCC=CCCCCCC(=O)OC(COC(=O)CCCCCCCC(=O)C=CC=CCCCCC)COP(=O)(O)OCCN,cand104,803.510119578,-123.63288971665068,-123.63289,0.16620246,True,False,decline: top score below validation threshold
MassSpecGymID0395778,54,cand211,CCCCCC=CCC=CCC=CCCCCCCC(=O)OC(COC(=O)CCCC=CCC=CCC=CCC=CC=CC(O)CC)COP(=O)(O)OCCN,CCCCCC=CCC=CCC=CCCCCCCC(=O)OC(COC(=O)CCCC=CCC=CCC=CCC=CC=CC(O)CC)COP(=O)(O)OCCN,cand211,803.5101195780001,-123.63288971679215,-123.63289,0.1538714,False,False,decline: top score below validation threshold
MassSpecGymID0395778,55,cand113,CCCCCC=CCC=CCC=CCCCCCCC(=O)OCC(COP(=O)(O)OCCN)OC(=O)CCCC=CCC=CCC=CCC=CC=CC(O)CC,CCCCCC=CCC=CCC=CCCCCCCC(=O)OCC(COP(=O)(O)OCCN)OC(=O)CCCC=CCC=CCC=CCC=CC=CC(O)CC,cand113,803.510119578,-123.63288971665068,-123.63289,0.1538714,True,False,decline: top score below validation threshold
MassSpecGymID0395778,56,cand077,CCCCCCCCC=CCC=CCC=CCCCC(=O)OC(COC(=O)CCCC=CCC=CCC=CCC=CC=CC(O)CC)COP(=O)(O)OCCN,CCCCCCCCC=CCC=CCC=CCCCC(=O)OC(COC(=O)CCCC=CCC=CCC=CCC=CC=CC(O)CC)COP(=O)(O)OCCN,cand077,803.5101195780001,-123.63288971679215,-123.63289,0.15228255,False,False,decline: top score below validation threshold
MassSpecGymID0395778,57,cand017,CCCCCCCCC=CCC=CCC=CCCCC(=O)OCC(COP(=O)(O)OCCN)OC(=O)CCCC=CCC=CCC=CCC=CC=CC(O)CC,CCCCCCCCC=CCC=CCC=CCCCC(=O)OCC(COP(=O)(O)OCCN)OC(=O)CCCC=CCC=CCC=CCC=CC=CC(O)CC,cand017,803.510119578,-123.63288971665068,-123.63289,0.15228255,True,False,decline: top score below validation threshold
MassSpecGymID0395778,58,cand227,CCCCCC=CCC=CCC=CCC=CCC=CCCC(=O)OCC(COP(=O)(O)OCCN)OC(=O)CCCCCCCC=CC=CC(=O)CCCCC,CCCCCC=CCC=CCC=CCC=CCC=CCCC(=O)OCC(COP(=O)(O)OCCN)OC(=O)CCCCCCCC=CC=CC(=O)CCCCC,cand227,803.510119578,-123.63288971665068,-123.63289,0.15110132,False,False,decline: top score below validation threshold
MassSpecGymID0395778,59,cand205,CCCCCC=CC=CC(=O)CCCCCCCC(=O)OC(COC(=O)CCC=CCC=CCC=CCC=CCC=CCCCCC)COP(=O)(O)OCCN,CCCCCC=CC=CC(=O)CCCCCCCC(=O)OC(COC(=O)CCC=CCC=CCC=CCC=CCC=CCCCCC)COP(=O)(O)OCCN,cand205,803.5101195780001,-123.63288971679215,-123.63289,0.15110132,True,False,decline: top score below validation threshold
MassSpecGymID0395778,60,cand026,CCCCCC=CC=CC(=O)CCCCCCCC(=O)OCC(COP(=O)(O)OCCN)OC(=O)CCC=CCC=CCC=CCC=CCC=CCCCCC,CCCCCC=CC=CC(=O)CCCCCCCC(=O)OCC(COP(=O)(O)OCCN)OC(=O)CCC=CCC=CCC=CCC=CCC=CCCCCC,cand026,803.5101195779998,-123.63288971650923,-123.63289,0.15110132,True,False,decline: top score below validation threshold
MassSpecGymID0395778,61,cand214,CCCCCC=CCC=CCC=CCC=CCC=CCCC(=O)OC(COC(=O)CCCCCCCC=CC=CC(=O)CCCCC)COP(=O)(O)OCCN,CCCCCC=CCC=CCC=CCC=CCC=CCCC(=O)OC(COC(=O)CCCCCCCC=CC=CC(=O)CCCCC)COP(=O)(O)OCCN,cand214,803.5101195780001,-123.63288971679215,-123.63289,0.15110132,True,False,decline: top score below validation threshold
MassSpecGymID0395778,62,cand142,CCC=CC(O)CC=CC=CCC=CCC=CCCCC(=O)OC(COC(=O)CCCC=CCC=CCC=CCCCCCCCC)COP(=O)(O)OCCN,CCC=CC(O)CC=CC=CCC=CCC=CCCCC(=O)OC(COC(=O)CCCC=CCC=CCC=CCCCCCCCC)COP(=O)(O)OCCN,cand142,803.5101195780001,-123.63288971679215,-123.63289,0.15091431,False,False,decline: top score below validation threshold
MassSpecGymID0395778,63,cand099,CCC=CC(O)CC=CC=CCC=CCC=CCCCC(=O)OCC(COP(=O)(O)OCCN)OC(=O)CCCC=CCC=CCC=CCCCCCCCC,CCC=CC(O)CC=CC=CCC=CCC=CCCCC(=O)OCC(COP(=O)(O)OCCN)OC(=O)CCCC=CCC=CCC=CCCCCCCCC,cand099,803.5101195779998,-123.63288971650923,-123.63289,0.15091431,True,False,decline: top score below validation threshold
MassSpecGymID0395778,64,cand160,CCC=CC(O)CC=CC=CCC=CCC=CCCCC(=O)OC(COC(=O)CCCCCCC=CCC=CCC=CCCCCC)COP(=O)(O)OCCN,CCC=CC(O)CC=CC=CCC=CCC=CCCCC(=O)OC(COC(=O)CCCCCCC=CCC=CCC=CCCCCC)COP(=O)(O)OCCN,cand160,803.5101195780001,-123.63288971679215,-123.63289,0.14941917,False,False,decline: top score below validation threshold
MassSpecGymID0395778,65,cand206,CCC=CC(O)CC=CC=CCC=CCC=CCCCC(=O)OCC(COP(=O)(O)OCCN)OC(=O)CCCCCCC=CCC=CCC=CCCCCC,CCC=CC(O)CC=CC=CCC=CCC=CCCCC(=O)OCC(COP(=O)(O)OCCN)OC(=O)CCCCCCC=CCC=CCC=CCCCCC,cand206,803.5101195779998,-123.63288971650923,-123.63289,0.14941917,True,False,decline: top score below validation threshold
MassSpecGymID0395778,66,cand057,CCC=CCC=CCC=CCC=CCCCCCCC(=O)OC(COC(=O)CCCC=CCC=CCC=CCC=CCC(O)CCC)COP(=O)(O)OCCN,CCC=CCC=CCC=CCC=CCCCCCCC(=O)OC(COC(=O)CCCC=CCC=CCC=CCC=CCC(O)CCC)COP(=O)(O)OCCN,cand057,803.5101195780001,-123.63288971679215,-123.63289,0.14764121,False,False,decline: top score below validation threshold
MassSpecGymID0395778,67,cand105,CCC=CCC=CCC=CCC=CCCCCCCC(=O)OCC(COP(=O)(O)OCCN)OC(=O)CCCC=CCC=CCC=CCC=CCC(O)CCC,CCC=CCC=CCC=CCC=CCCCCCCC(=O)OCC(COP(=O)(O)OCCN)OC(=O)CCCC=CCC=CCC=CCC=CCC(O)CCC,cand105,803.510119578,-123.63288971665068,-123.63289,0.14764121,True,False,decline: top score below validation threshold
MassSpecGymID0395778,68,cand194,CCC=CCC(O)C=CC=CCC=CCC=CCC=CCCC(=O)OCC(COP(=O)(O)OCCN)OC(=O)CCCCCCCC=CCC=CCCCCC,CCC=CCC(O)C=CC=CCC=CCC=CCC=CCCC(=O)OCC(COP(=O)(O)OCCN)OC(=O)CCCCCCCC=CCC=CCCCCC,cand194,803.510119578,-123.63288971665068,-123.63289,0.14478306,False,False,decline: top score below validation threshold
MassSpecGymID0395778,69,cand202,CCC=CCC=CCC=CCC=CC=CC(O)CC=CCCC(=O)OCC(COP(=O)(O)OCCN)OC(=O)CCCCCCCC=CCC=CCCCCC,CCC=CCC=CCC=CCC=CC=CC(O)CC=CCCC(=O)OCC(COP(=O)(O)OCCN)OC(=O)CCCCCCCC=CCC=CCCCCC,cand202,803.510119578,-123.63288971665068,-123.63289,0.14478306,True,False,decline: top score below validation threshold
MassSpecGymID0395778,70,cand167,CCC=CCC=CCC(O)C=CC=CCC=CCC=CCCC(=O)OC(COC(=O)CCCCCCCC=CCC=CCCCCC)COP(=O)(O)OCCN,CCC=CCC=CCC(O)C=CC=CCC=CCC=CCCC(=O)OC(COC(=O)CCCCCCCC=CCC=CCCCCC)COP(=O)(O)OCCN,cand167,803.5101195780001,-123.63288971679215,-123.63289,0.14478306,True,False,decline: top score below validation threshold
MassSpecGymID0395778,71,cand008,CCC=CCC=CCC=CCC=CC=CC(O)CC=CCCC(=O)OC(COC(=O)CCCCCCCC=CCC=CCCCCC)COP(=O)(O)OCCN,CCC=CCC=CCC=CCC=CC=CC(O)CC=CCCC(=O)OC(COC(=O)CCCCCCCC=CCC=CCCCCC)COP(=O)(O)OCCN,cand008,803.5101195780001,-123.63288971679215,-123.63289,0.14478306,True,False,decline: top score below validation threshold
MassSpecGymID0395778,72,cand153,CCC=CCC=CCC(O)C=CC=CCC=CCC=CCCC(=O)OCC(COP(=O)(O)OCCN)OC(=O)CCCCCCCC=CCC=CCCCCC,CCC=CCC=CCC(O)C=CC=CCC=CCC=CCCC(=O)OCC(COP(=O)(O)OCCN)OC(=O)CCCCCCCC=CCC=CCCCCC,cand153,803.510119578,-123.63288971665068,-123.63289,0.14478306,True,False,decline: top score below validation threshold
MassSpecGymID0395778,73,cand095,CCC=CCC(O)C=CC=CCC=CCC=CCC=CCCC(=O)OC(COC(=O)CCCCCCCC=CCC=CCCCCC)COP(=O)(O)OCCN,CCC=CCC(O)C=CC=CCC=CCC=CCC=CCCC(=O)OC(COC(=O)CCCCCCCC=CCC=CCCCCC)COP(=O)(O)OCCN,cand095,803.5101195780001,-123.63288971679215,-123.63289,0.14478306,True,False,decline: top score below validation threshold
MassSpecGymID0395778,74,cand154,CCCCCC=CCC=CCC=CCC=CCCCC(=O)OCC(COP(=O)(O)OCCN)OC(=O)CCCC1OC1CC=CCC=CCC=CCCCCC,CCCCCC=CCC=CCC=CCC=CCCCC(=O)OCC(COP(=O)(O)OCCN)OC(=O)CCCC1OC1CC=CCC=CCC=CCCCCC,cand154,803.510119578,-123.63288971665068,-123.63289,0.1401475,False,False,decline: top score below validation threshold
MassSpecGymID0395778,75,cand063,CCCCCC=CCC=CCC=CCC=CCCCC(=O)OC(COC(=O)CCCC1OC1CC=CCC=CCC=CCCCCC)COP(=O)(O)OCCN,CCCCCC=CCC=CCC=CCC=CCCCC(=O)OC(COC(=O)CCCC1OC1CC=CCC=CCC=CCCCCC)COP(=O)(O)OCCN,cand063,803.5101195780001,-123.63288971679215,-123.63289,0.1401475,True,False,decline: top score below validation threshold
MassSpecGymID0395778,76,cand210,CCC=CCC=CCC=CCC=CCCCCCCC(=O)OCC(COP(=O)(O)OCCN)OC(=O)CCCC=CCC=CCC=CCC1OC1CCCCC,CCC=CCC=CCC=CCC=CCCCCCCC(=O)OCC(COP(=O)(O)OCCN)OC(=O)CCCC=CCC=CCC=CCC1OC1CCCCC,cand210,803.510119578,-123.63288971665068,-123.63289,0.13962957,False,False,decline: top score below validation threshold
MassSpecGymID0395778,77,cand081,CCC=CCC=CCC=CCC=CCCCCCCC(=O)OC(COC(=O)CCCC=CCC=CCC=CCC1OC1CCCCC)COP(=O)(O)OCCN,CCC=CCC=CCC=CCC=CCCCCCCC(=O)OC(COC(=O)CCCC=CCC=CCC=CCC1OC1CCCCC)COP(=O)(O)OCCN,cand081,803.5101195780001,-123.63288971679215,-123.63289,0.13962957,True,False,decline: top score below validation threshold
MassSpecGymID0395778,78,cand002,CCCCCC=CCC=CCC=CCC=CCCCC(=O)OCC(COP(=O)(O)OCCN)OC(=O)CCCC=CC=CC(O)CC=CCC=CCCCCC,CCCCCC=CCC=CCC=CCC=CCCCC(=O)OCC(COP(=O)(O)OCCN)OC(=O)CCCC=CC=CC(O)CC=CCC=CCCCCC,cand002,803.510119578,-123.63288971665068,-123.63289,0.13883351,False,False,decline: top score below validation threshold
MassSpecGymID0395778,79,cand074,CCCCCC=CC=CC(O)CC=CCC=CCCCC(=O)OC(COC(=O)CCCC=CCC=CCC=CCC=CCCCCC)COP(=O)(O)OCCN,CCCCCC=CC=CC(O)CC=CCC=CCCCC(=O)OC(COC(=O)CCCC=CCC=CCC=CCC=CCCCCC)COP(=O)(O)OCCN,cand074,803.5101195780001,-123.63288971679215,-123.63289,0.13883351,True,False,decline: top score below validation threshold
MassSpecGymID0395778,80,cand020,CCC=CCC=CCC=CCC=CCCCCCCC(=O)OCC(COP(=O)(O)OCCN)OC(=O)CCCC=CCC=CCC=CCC=CCCC(O)CC,CCC=CCC=CCC=CCC=CCCCCCCC(=O)OCC(COP(=O)(O)OCCN)OC(=O)CCCC=CCC=CCC=CCC=CCCC(O)CC,cand020,803.510119578,-123.63288971665068,-123.63289,0.13153306,False,False,decline: top score below validation threshold
MassSpecGymID0395778,81,cand111,CCC=CCC=CCC=CCC=CC=CC(O)CCCC(=O)OC(COC(=O)CCCC=CCC=CCC=CCCCCCCCC)COP(=O)(O)OCCN,CCC=CCC=CCC=CCC=CC=CC(O)CCCC(=O)OC(COC(=O)CCCC=CCC=CCC=CCCCCCCCC)COP(=O)(O)OCCN,cand111,803.5101195780001,-123.63288971679215,-123.63289,0.12466107,False,False,decline: top score below validation threshold
MassSpecGymID0395778,82,cand185,CCC=CCC=CCC=CCC=CCC=CCCCC(=O)OCC(COP(=O)(O)OCCN)OC(=O)CCCC(O)C=CC=CCC=CCCCCCCCC,CCC=CCC=CCC=CCC=CCC=CCCCC(=O)OCC(COP(=O)(O)OCCN)OC(=O)CCCC(O)C=CC=CCC=CCCCCCCCC,cand185,803.510119578,-123.63288971665068,-123.63289,0.12466107,True,False,decline: top score below validation threshold
MassSpecGymID0395778,83,cand200,CCC=CCC=CCC=CCC=CC=CC(O)CCCC(=O)OCC(COP(=O)(O)OCCN)OC(=O)CCCC=CCC=CCC=CCCCCCCCC,CCC=CCC=CCC=CCC=CC=CC(O)CCCC(=O)OCC(COP(=O)(O)OCCN)OC(=O)CCCC=CCC=CCC=CCCCCCCCC,cand200,803.5101195779998,-123.63288971650923,-123.63289,0.12466107,True,False,decline: top score below validation threshold
MassSpecGymID0395778,84,cand186,CCC=CCC=CCC=CCC=CCCCCCCC(=O)OCC(COP(=O)(O)OCCN)OC(=O)CCCC=CCC=CCC=CC=CC(O)CCCCC,CCC=CCC=CCC=CCC=CCCCCCCC(=O)OCC(COP(=O)(O)OCCN)OC(=O)CCCC=CCC=CCC=CC=CC(O)CCCCC,cand186,803.510119578,-123.63288971665068,-123.63289,0.124036744,False,False,decline: top score below validation threshold
MassSpecGymID0395778,85,cand225,CCC=CCC=CCC=CCC=CCCCCCCC(=O)OC(COC(=O)CCCC=CCC=CCC=CC=CC(O)CCCCC)COP(=O)(O)OCCN,CCC=CCC=CCC=CCC=CCCCCCCC(=O)OC(COC(=O)CCCC=CCC=CCC=CC=CC(O)CCCCC)COP(=O)(O)OCCN,cand225,803.5101195780001,-123.63288971679215,-123.63289,0.124036744,True,False,decline: top score below validation threshold
MassSpecGymID0395778,86,cand156,CCC=CCC(O)C=CC=CCCCCCCCC(=O)OCC(COP(=O)(O)OCCN)OC(=O)CCC=CCC=CCC=CCC=CCC=CCCCCC,CCC=CCC(O)C=CC=CCCCCCCCC(=O)OCC(COP(=O)(O)OCCN)OC(=O)CCC=CCC=CCC=CCC=CCC=CCCCCC,cand156,803.5101195779998,-123.63288971650923,-123.63289,0.11735139,False,False,decline: top score below validation threshold
MassSpecGymID0395778,87,cand161,CCC=CCC(O)C=CC=CCCCCCCCC(=O)OC(COC(=O)CCC=CCC=CCC=CCC=CCC=CCCCCC)COP(=O)(O)OCCN,CCC=CCC(O)C=CC=CCCCCCCCC(=O)OC(COC(=O)CCC=CCC=CCC=CCC=CCC=CCCCCC)COP(=O)(O)OCCN,cand161,803.5101195780001,-123.63288971679215,-123.63289,0.11735139,True,False,decline: top score below validation threshold
MassSpecGymID0395778,88,cand197,CCC=CCC=CCC(O)C=CC=CCC=CCCCC(=O)OCC(COP(=O)(O)OCCN)OC(=O)CCCC=CCC=CCC=CCCCCCCCC,CCC=CCC=CCC(O)C=CC=CCC=CCCCC(=O)OCC(COP(=O)(O)OCCN)OC(=O)CCCC=CCC=CCC=CCCCCCCCC,cand197,803.5101195779998,-123.63288971650923,-123.63289,0.11109185,False,False,decline: top score below validation threshold
MassSpecGymID0395778,89,cand098,CCC=CCC=CCC(O)C=CC=CCC=CCCCC(=O)OC(COC(=O)CCCC=CCC=CCC=CCCCCCCCC)COP(=O)(O)OCCN,CCC=CCC=CCC(O)C=CC=CCC=CCCCC(=O)OC(COC(=O)CCCC=CCC=CCC=CCCCCCCCC)COP(=O)(O)OCCN,cand098,803.5101195780001,-123.63288971679215,-123.63289,0.11109185,True,False,decline: top score below validation threshold
MassSpecGymID0395778,90,cand049,CCC1OC(=O)C(C)C(OC2CC(C)(OC)C(O)C(C)O2)C(C)C(OC2OC(C)CC(N3CCOCC3)C2OC)C(C)(OC)CC(C)C(=O)C(C)C(O)C1(C)O,CCC1OC(=O)C(C)C(OC2CC(C)(OC)C(O)C(C)O2)C(C)C(OC2OC(C)CC(N3CCOCC3)C2OC)C(C)(OC)CC(C)C(=O)C(C)C(O)C1(C)O,cand049,803.5031060160001,-114.90523845999607,-114.905238,0.10888661,False,False,decline: top score below validation threshold
MassSpecGymID0395778,91,cand088,CCC=CCC=CCC=CCC=CC=CC(O)CCCC(=O)OC(COC(=O)CCCCCCC=CCC=CCC=CCCCCC)COP(=O)(O)OCCN,CCC=CCC=CCC=CCC=CC=CC(O)CCCC(=O)OC(COC(=O)CCCCCCC=CCC=CCC=CCCCCC)COP(=O)(O)OCCN,cand088,803.5101195780001,-123.63288971679215,-123.63289,0.1038158,False,False,decline: top score below validation threshold
MassSpecGymID0395778,92,cand062,CCC=CCC=CCC=CCC=CC=CC(O)CCCC(=O)OCC(COP(=O)(O)OCCN)OC(=O)CCCCCCC=CCC=CCC=CCCCCC,CCC=CCC=CCC=CCC=CC=CC(O)CCCC(=O)OCC(COP(=O)(O)OCCN)OC(=O)CCCCCCC=CCC=CCC=CCCCCC,cand062,803.5101195779998,-123.63288971650923,-123.63289,0.1038158,True,False,decline: top score below validation threshold
MassSpecGymID0395778,93,cand022,CCC=CCC=CCC=CCC=CCCCCCCC(=O)OC(COC(=O)CCCC(O)C=CC=CCC=CCC=CCCCCC)COP(=O)(O)OCCN,CCC=CCC=CCC=CCC=CCCCCCCC(=O)OC(COC(=O)CCCC(O)C=CC=CCC=CCC=CCCCCC)COP(=O)(O)OCCN,cand022,803.5101195780001,-123.63288971679215,-123.63289,0.1038158,True,False,decline: top score below validation threshold
MassSpecGymID0395778,94,cand070,CCC=CCC=CCC=CCC=CCCCCCCC(=O)OC(COC(=O)CCCC=CCC=CC=CC(O)CC=CCCCCC)COP(=O)(O)OCCN,CCC=CCC=CCC=CCC=CCCCCCCC(=O)OC(COC(=O)CCCC=CCC=CC=CC(O)CC=CCCCCC)COP(=O)(O)OCCN,cand070,803.5101195780001,-123.63288971679215,-123.63289,0.10261387,False,False,decline: top score below validation threshold
MassSpecGymID0395778,95,cand226,CCC=CCC=CCC=CCC=CCCCCCCC(=O)OCC(COP(=O)(O)OCCN)OC(=O)CCCC=CCC=CC=CC(O)CC=CCCCCC,CCC=CCC=CCC=CCC=CCCCCCCC(=O)OCC(COP(=O)(O)OCCN)OC(=O)CCCC=CCC=CC=CC(O)CC=CCCCCC,cand226,803.510119578,-123.63288971665068,-123.63289,0.10261387,True,False,decline: top score below validation threshold
MassSpecGymID0395778,96,cand157,CCC=CCC=CCC(O)C=CC=CCC=CCCCC(=O)OC(COC(=O)CCCCCCC=CCC=CCC=CCCCCC)COP(=O)(O)OCCN,CCC=CCC=CCC(O)C=CC=CCC=CCCCC(=O)OC(COC(=O)CCCCCCC=CCC=CCC=CCCCCC)COP(=O)(O)OCCN,cand157,803.5101195780001,-123.63288971679215,-123.63289,0.10261387,True,False,decline: top score below validation threshold
MassSpecGymID0395778,97,cand061,CCC=CCC=CCC(O)C=CC=CCC=CCCCC(=O)OCC(COP(=O)(O)OCCN)OC(=O)CCCCCCC=CCC=CCC=CCCCCC,CCC=CCC=CCC(O)C=CC=CCC=CCCCC(=O)OCC(COP(=O)(O)OCCN)OC(=O)CCCCCCC=CCC=CCC=CCCCCC,cand061,803.5101195779998,-123.63288971650923,-123.63289,0.10261387,True,False,decline: top score below validation threshold
MassSpecGymID0395778,98,cand180,CCC=CCC=CCC=CCC=CCCCCCCC(=O)OC(COC(=O)CCCC=CCC=CCC=CCC=CC(O)CCCC)COP(=O)(O)OCCN,CCC=CCC=CCC=CCC=CCCCCCCC(=O)OC(COC(=O)CCCC=CCC=CCC=CCC=CC(O)CCCC)COP(=O)(O)OCCN,cand180,803.5101195780001,-123.63288971679215,-123.63289,0.09695971,False,False,decline: top score below validation threshold
MassSpecGymID0395778,99,cand144,CCC=CCC=CCC=CCC=CCCCCCCC(=O)OCC(COP(=O)(O)OCCN)OC(=O)CCCC=CCC=CCC=CCC=CC(O)CCCC,CCC=CCC=CCC=CCC=CCCCCCCC(=O)OCC(COP(=O)(O)OCCN)OC(=O)CCCC=CCC=CCC=CCC=CC(O)CCCC,cand144,803.510119578,-123.63288971665068,-123.63289,0.09695971,True,False,decline: top score below validation threshold
MassSpecGymID0395778,100,cand096,CCC=CCC=CCC=CCC=CCC=CC=CC(O)CCC(=O)OCC(COP(=O)(O)OCCN)OC(=O)CCCCCCCC=CCC=CCCCCC,CCC=CCC=CCC=CCC=CCC=CC=CC(O)CCC(=O)OCC(COP(=O)(O)OCCN)OC(=O)CCCCCCCC=CCC=CCCCCC,cand096,803.510119578,-123.63288971665068,-123.63289,0.09612309,False,False,decline: top score below validation threshold
MassSpecGymID0395778,101,cand126,CCC=CCC=CCC=CCC=CCC=CC=CC(O)CCC(=O)OC(COC(=O)CCCCCCCC=CCC=CCCCCC)COP(=O)(O)OCCN,CCC=CCC=CCC=CCC=CCC=CC=CC(O)CCC(=O)OC(COC(=O)CCCCCCCC=CCC=CCCCCC)COP(=O)(O)OCCN,cand126,803.5101195780001,-123.63288971679215,-123.63289,0.09612309,True,False,decline: top score below validation threshold
MassSpecGymID0395778,102,cand006,CCC=CCC=CCC=CCC=CCCCCCCC(=O)OC(COC(=O)CCCC1OC1CC=CCC=CCC=CCCCCC)COP(=O)(O)OCCN,CCC=CCC=CCC=CCC=CCCCCCCC(=O)OC(COC(=O)CCCC1OC1CC=CCC=CCC=CCCCCC)COP(=O)(O)OCCN,cand006,803.5101195780001,-123.63288971679215,-123.63289,0.081924856,False,False,decline: top score below validation threshold
MassSpecGymID0395778,103,cand176,CCC=CCC=CCC=CCC=CCCCCCCC(=O)OCC(COP(=O)(O)OCCN)OC(=O)CCCC1OC1CC=CCC=CCC=CCCCCC,CCC=CCC=CCC=CCC=CCCCCCCC(=O)OCC(COP(=O)(O)OCCN)OC(=O)CCCC1OC1CC=CCC=CCC=CCCCCC,cand176,803.510119578,-123.63288971665068,-123.63289,0.081924856,True,False,decline: top score below validation threshold
MassSpecGymID0395778,104,cand215,C=CC(=O)OC(C)C(C)OC(CCOC)OC1C(C)C(=O)OC(CC)C(C)(O)C(O)C(C)C(=O)C(C)CC(C)(OC)C(OC2OC(C)CC(N(C)C)C2O)C1C,C=CC(=O)OC(C)C(C)OC(CCOC)OC1C(C)C(=O)OC(CC)C(C)(O)C(O)C(C)C(=O)C(C)CC(C)(OC)C(OC2OC(C)CC(N(C)C)C2O)C1C,cand215,803.503106016,-114.90523845985462,-114.905238,0.080206394,False,False,decline: top score below validation threshold
MassSpecGymID0395778,105,cand102,CCC=CCC=CCC=CCC=CCCCCCCC(=O)OCC(COP(=O)(O)OCCN)OC(=O)CCCC=CC=CC(O)CC=CCC=CCCCCC,CCC=CCC=CCC=CCC=CCCCCCCC(=O)OCC(COP(=O)(O)OCCN)OC(=O)CCCC=CC=CC(O)CC=CCC=CCCCCC,cand102,803.510119578,-123.63288971665068,-123.63289,0.07191777,False,False,decline: top score below validation threshold
MassSpecGymID0395778,106,cand212,CCC=CCC=CCC=CCC=CCCCCCCC(=O)OCC(COP(=O)(O)OCCN)OC(=O)CCCC=CCC=CCC(O)C=CC=CCCCCC,CCC=CCC=CCC=CCC=CCCCCCCC(=O)OCC(COP(=O)(O)OCCN)OC(=O)CCCC=CCC=CCC(O)C=CC=CCCCCC,cand212,803.510119578,-123.63288971665068,-123.63289,0.07191777,True,False,decline: top score below validation threshold
MassSpecGymID0395778,107,cand133,CCC=CCC=CCC=CCC=CCCCCCCC(=O)OC(COC(=O)CCCC=CC=CC(O)CC=CCC=CCCCCC)COP(=O)(O)OCCN,CCC=CCC=CCC=CCC=CCCCCCCC(=O)OC(COC(=O)CCCC=CC=CC(O)CC=CCC=CCCCCC)COP(=O)(O)OCCN,cand133,803.5101195780001,-123.63288971679215,-123.63289,0.07191777,True,False,decline: top score below validation threshold
MassSpecGymID0395778,108,cand117,CCC=CCC=CCC=CCC=CCCCCCCC(=O)OC(COC(=O)CCCC=CCC=CCC(O)C=CC=CCCCCC)COP(=O)(O)OCCN,CCC=CCC=CCC=CCC=CCCCCCCC(=O)OC(COC(=O)CCCC=CCC=CCC(O)C=CC=CCCCCC)COP(=O)(O)OCCN,cand117,803.5101195780001,-123.63288971679215,-123.63289,0.07191775,False,False,decline: top score below validation threshold
MassSpecGymID0395778,109,cand165,CCC=CCC=CC=CC(O)CCCCCCCC(=O)OC(COC(=O)CCCCCC=CCC=CCC=CCC=CCC=CCC)COP(=O)(O)OCCN,CCC=CCC=CC=CC(O)CCCCCCCC(=O)OC(COC(=O)CCCCCC=CCC=CCC=CCC=CCC=CCC)COP(=O)(O)OCCN,cand165,803.5101195780001,-123.63288971679215,-123.63289,0.070075385,False,False,decline: top score below validation threshold
MassSpecGymID0395778,110,cand158,CCC=CCC=CC=CC(O)CCCCCCCC(=O)OCC(COP(=O)(O)OCCN)OC(=O)CCCCCC=CCC=CCC=CCC=CCC=CCC,CCC=CCC=CC=CC(O)CCCCCCCC(=O)OCC(COP(=O)(O)OCCN)OC(=O)CCCCCC=CCC=CCC=CCC=CCC=CCC,cand158,803.5101195779998,-123.63288971650923,-123.63289,0.070075385,True,False,decline: top score below validation threshold
MassSpecGymID0395778,111,cand027,CCC1OC(=O)C(C)C(OC2CC(C)(OC)C(O)C(C)O2)C(C)C(OC2OC(C)CC(N(C)C)C2OC(C)=O)C(C)(OC)CC(C)C(=O)C(C)C(OC)C1(C)O,CCC1OC(=O)C(C)C(OC2CC(C)(OC)C(O)C(C)O2)C(C)C(OC2OC(C)CC(N(C)C)C2OC(C)=O)C(C)(OC)CC(C)C(=O)C(C)C(OC)C1(C)O,cand027,803.5031060160001,-114.90523845999607,-114.905238,0.06849113,False,False,decline: top score below validation threshold
MassSpecGymID0395778,112,cand047,CCC1OC(=O)C(C)C(OC2CC(C)(OC)C(O)C(C)O2)C(C)C(OC2OC(C)CC(N(C)C)C2OC(C)=O)C(C)(OC)CC(C)C(=O)CC(C)C(O)C1(C)O,CCC1OC(=O)C(C)C(OC2CC(C)(OC)C(O)C(C)O2)C(C)C(OC2OC(C)CC(N(C)C)C2OC(C)=O)C(C)(OC)CC(C)C(=O)CC(C)C(O)C1(C)O,cand047,803.5031060160001,-114.90523845999607,-114.905238,0.05895336,False,False,decline: top score below validation threshold
MassSpecGymID0395778,113,cand086,CCC1OC(=O)C(C)C(OC2CC(C)(OC)C(OC(=O)CCCCCO)C(C)O2)C(C)C(OC2OC(C)CC(N(C)C)C2O)C(C)CCC(=O)CC(O)C1(C)O,CCC1OC(=O)C(C)C(OC2CC(C)(OC)C(OC(=O)CCCCCO)C(C)O2)C(C)C(OC2OC(C)CC(N(C)C)C2O)C(C)CCC(=O)CC(O)C1(C)O,cand086,803.5031060160001,-114.90523845999607,-114.905238,0.05784307,False,False,decline: top score below validation threshold
MassSpecGymID0395778,114,cand076,C=C(C)C1CCC2(C(=O)N(CCCCCCCN)C(=O)c3cc(C(=O)O)cc([N+](=O)[O-])c3)CCC3(C)C(CCC4C5(C)CCC(OC(C)=O)C(C)(C)C5CCC43C)C12,C=C(C)C1CCC2(C(=O)N(CCCCCCCN)C(=O)c3cc(C(=O)O)cc([N+](=O)[O-])c3)CCC3(C)C(CCC4C5(C)CCC(OC(C)=O)C(C)(C)C5CCC43C)C12,cand076,803.5084661679999,-121.57540600145691,-121.575406,0.03629493,False,False,decline: top score below validation threshold
MassSpecGymID0395778,115,cand109,CCC1OC(=O)C(C)C(OC2CC(C)(OC)C(OC(C)=O)C(C)O2)C(C)C(OC2OC(C)CC(N(C)C)C2OC)C(C)(OC)CC(C)C(=O)C(C)C(O)C1(C)O,CCC1OC(=O)C(C)C(OC2CC(C)(OC)C(OC(C)=O)C(C)O2)C(C)C(OC2OC(C)CC(N(C)C)C2OC)C(C)(OC)CC(C)C(=O)C(C)C(O)C1(C)O,cand109,803.5031060160001,-114.90523845999607,-114.905238,0.035854217,False,False,decline: top score below validation threshold
MassSpecGymID0395778,116,cand127,CCC=CCC=CCC=CCC=CCC=CCCCCCC(=O)OC(COC(=O)CCCCCCCC=CC=CC(O)CC=CCC)COP(=O)(O)OCCN,CCC=CCC=CCC=CCC=CCC=CCCCCCC(=O)OC(COC(=O)CCCCCCCC=CC=CC(O)CC=CCC)COP(=O)(O)OCCN,cand127,803.5101195780001,-123.63288971679215,-123.63289,0.022333356,False,False,decline: top score below validation threshold
MassSpecGymID0395778,117,cand122,CCC=CCC=CCC=CCC=CCC=CCCCCCC(=O)OCC(COP(=O)(O)OCCN)OC(=O)CCCCCCCC=CC=CC(O)CC=CCC,CCC=CCC=CCC=CCC=CCC=CCCCCCC(=O)OCC(COP(=O)(O)OCCN)OC(=O)CCCCCCCC=CC=CC(O)CC=CCC,cand122,803.510119578,-123.63288971665068,-123.63289,0.022333356,True,False,decline: top score below validation threshold
MassSpecGymID0395778,118,cand064,CCC1OC(=O)C(C)C(OC2CC(C)(OC)C(OCOCCOC)C(C)O2)C(C)C(OC2OC(C)CC(N(C)C)C2O)C2(C)CC(C)=C(O2)C(C)C(O)C1(C)O,CCC1OC(=O)C(C)C(OC2CC(C)(OC)C(OCOCCOC)C(C)O2)C(C)C(OC2OC(C)CC(N(C)C)C2O)C2(C)CC(C)=C(O2)C(C)C(O)C1(C)O,cand064,803.5031060160001,-114.90523845999607,-114.905238,0.016379844,False,False,decline: top score below validation threshold
MassSpecGymID0395778,119,cand035,CCC=CCC=CCC=CCC=CCC=CCC=CCCC(=O)OC(COCCCCCCCCC=CCC=CCCCC)COP(=O)(O)OCC(N)C(=O)O,CCC=CCC=CCC=CCC=CCC=CCC=CCCC(=O)OC(COCCCCCCCCC=CCC=CCCCC)COP(=O)(O)OCC(N)C(=O)O,cand035,803.5101195780002,-123.63288971693362,-123.63289,0.016228305,False,False,decline: top score below validation threshold
MassSpecGymID0395778,120,cand216,CCC1OC2(C)CC1C(=O)C(C)C(O)C(C)(O)C(CC)OC(=O)C(C)C(OCCC(C)(OC)C(O)C(C)O)C(C)C2OC1OC(C)CC(N(C)C)C1OC(C)=O,CCC1OC2(C)CC1C(=O)C(C)C(O)C(C)(O)C(CC)OC(=O)C(C)C(OCCC(C)(OC)C(O)C(C)O)C(C)C2OC1OC(C)CC(N(C)C)C1OC(C)=O,cand216,803.503106016,-114.90523845985462,-114.905238,-0.005479591,False,False,decline: top score below validation threshold
MassSpecGymID0395778,121,cand169,CCC=CCC=CCC=CCC=CCC=CCC=CCC=CCCCC(=O)OC(COCCCCCCCCC=CCCC)COP(=O)(O)OCC(N)C(=O)O,CCC=CCC=CCC=CCC=CCC=CCC=CCC=CCCCC(=O)OC(COCCCCCCCCC=CCCC)COP(=O)(O)OCC(N)C(=O)O,cand169,803.5101195780002,-123.63288971693362,-123.63289,-0.02043777,False,False,decline: top score below validation threshold
MassSpecGymID0395778,122,cand013,CCC1OC(=O)C=CC(C)C(OC2OC(C)C(O)C(N(C)C)C2O)C(CC(OC)OC)CC(C)C(=O)CCC(C)CC1COC1OC(C)C(O)C(OC)C1OC,CCC1OC(=O)C=CC(C)C(OC2OC(C)C(O)C(N(C)C)C2O)C(CC(OC)OC)CC(C)C(=O)CCC(C)CC1COC1OC(C)C(O)C(OC)C1OC,cand013,803.5031060160001,-114.90523845999607,-114.905238,-0.024579972,False,False,decline: top score below validation threshold
MassSpecGymID0395778,123,cand083,COCCCNCC1=CC2CC3(O)C4(O)C(O)C5CC6C(C=CCC6C6CCCC6)CC6C(O)CCC(C=O)(C4CCC3(C3CCCCC3)C2C2=CC(=O)OC12)C65O,COCCCNCC1=CC2CC3(O)C4(O)C(O)C5CC6C(C=CCC6C6CCCC6)CC6C(O)CCC(C=O)(C4CCC3(C3CCCCC3)C2C2=CC(=O)OC12)C65O,cand083,803.497232788,-107.59649750142344,-107.596498,-0.027591702,False,False,decline: top score below validation threshold
MassSpecGymID0395778,124,cand228,CCC(C)C(C(CC(=O)N1CCCC1C(OC)C(C)C(=O)NC(Cc1ccccc1)C(=O)O)OC)N(C)C(=O)C(NC(=O)C(C(C)C)N(C)C(=O)CCO)C(C)C,CCC(C)C(C(CC(=O)N1CCCC1C(OC)C(C)C(=O)NC(Cc1ccccc1)C(=O)O)OC)N(C)C(=O)C(NC(=O)C(C(C)C)N(C)C(=O)CCO)C(C)C,cand228,803.504443408,-116.5694959978433,-116.569496,-0.04132528,False,False,decline: top score below validation threshold
MassSpecGymID0395778,125,cand016,CCC1CC(N(CCCCN(C)C=C(N)c2cccnc2)C(=O)O)C(C)C(=O)C(C)CC(C)(OC)C(OC2OC(C)CC(N(C)C)C2O)C(C)C(=O)C(C)C(=O)O1,CCC1CC(N(CCCCN(C)C=C(N)c2cccnc2)C(=O)O)C(C)C(=O)C(C)CC(C)(OC)C(OC2OC(C)CC(N(C)C)C2O)C(C)C(=O)C(C)C(=O)O1,cand016,803.5044434079999,-116.56949599770182,-116.569496,-0.046728265,False,False,decline: top score below validation threshold
MassSpecGymID0395778,126,cand038,CC(C)C1=C2C3CCC4C(C)(CCC5C(C)(C)C(OC(=O)CC(C)(C)C=O)CCC54C)C3CCC2(C(=CC=O)N(CCN(C)C)N(C)c2ccc(Cl)cc2)CC1=O,CC(C)C1=C2C3CCC4C(C)(CCC5C(C)(C)C(OC(=O)CC(C)(C)C=O)CCC54C)C3CCC2(C(=CC=O)N(CCN(C)C)N(C)c2ccc(Cl)cc2)CC1=O,cand038,803.5004000199999,-111.53786606421109,-111.537866,-0.055253223,False,False,decline: top score below validation threshold
MassSpecGymID0395778,127,cand052,CCCC(OC(=O)C(C)C(OC1CC(C)(OC)CC(C)O1)C(C)C(OC1OC(C)CC(N(C)C)C1OC(C)=O)C(C)(O)CC(C)C(C)O)C1(C)OC(=O)OC1C,CCCC(OC(=O)C(C)C(OC1CC(C)(OC)CC(C)O1)C(C)C(OC1OC(C)CC(N(C)C)C1OC(C)=O)C(C)(O)CC(C)C(C)O)C1(C)OC(=O)OC1C,cand052,803.5031060160001,-114.90523845999607,-114.905238,-0.058745064,False,False,decline: top score below validation threshold
MassSpecGymID0395778,128,cand091,CCC(CCC1(C)C(C)CCC2(C)C1CCC1C3=C(C(C)C)C(=O)CC3(c3cc(=O)n(-c4ccc(Cl)cc4)n3CCN(C)C)CCC12C)OC(=O)CC(C)(C)C=O,CCC(CCC1(C)C(C)CCC2(C)C1CCC1C3=C(C(C)C)C(=O)CC3(c3cc(=O)n(-c4ccc(Cl)cc4)n3CCN(C)C)CCC12C)OC(=O)CC(C)(C)C=O,cand091,803.5004000200001,-111.53786606449405,-111.537866,-0.066673145,False,False,decline: top score below validation threshold
MassSpecGymID0395778,129,cand182,CC(C)C1=C2C3CCC4C5(C)CCC(OC(=O)CC(C)(C)C(=O)O)C(C)(C)C5CCC4(C)C3(C)CCC2(c2nnc(N(CCN(C)C)c3ccc(F)cn3)o2)CC1=O,CC(C)C1=C2C3CCC4C5(C)CCC(OC(=O)CC(C)(C)C(=O)O)C(C)(C)C5CCC4(C)C3(C)CCC2(c2nnc(N(CCN(C)C)c3ccc(F)cn3)o2)CC1=O,cand182,803.4997130520001,-110.68299161217101,-110.682992,-0.07470024,False,False,decline: top score below validation threshold
MassSpecGymID0395778,130,cand012,CCC=CCC=CCC=CCC=CCC=CCC=CCCCOCC(COP(=O)(O)OCC(N)C(=O)O)OC(=O)CCCCCCCC=CCC=CCCCC,CCC=CCC=CCC=CCC=CCC=CCC=CCCCOCC(COP(=O)(O)OCC(N)C(=O)O)OC(=O)CCCCCCCC=CCC=CCCCC,cand012,803.510119578,-123.63288971665068,-123.63289,-0.079418145,False,False,decline: top score below validation threshold
MassSpecGymID0395778,131,cand114,CC(C)=CCc1c(OCCCCN2CCN(C)CC2)cc2oc3cc(OCCCCN4CCC(C(=O)OC(C)(C)C)CC4)c(CO)c(CC=C(C)C)c3c(=O)c2c1O,CC(C)=CCc1c(OCCCCN2CCN(C)CC2)cc2oc3cc(OCCCCN4CCC(C(=O)OC(C)(C)C)CC4)c(CO)c(CC=C(C)C)c3c(=O)c2c1O,cand114,803.508466168,-121.57540600159837,-121.575406,-0.0794854,False,False,decline: top score below validation threshold
MassSpecGymID0395778,132,cand221,CCC=CCC=CCC=CCC=CCC=CCC=CCC=CCCCCOCC(COP(=O)(O)OCC(N)C(=O)O)OC(=O)CCCCCCCC=CCCC,CCC=CCC=CCC=CCC=CCC=CCC=CCC=CCCCCOCC(COP(=O)(O)OCC(N)C(=O)O)OC(=O)CCCCCCCC=CCCC,cand221,803.5101195780001,-123.63288971679215,-123.63289,-0.08625406,False,False,decline: top score below validation threshold
MassSpecGymID0395778,133,cand034,C=CC=CCCC1OC2CCC3(C)OC4C(O)CC5(C)OC(CCC=C(C)C(C)=CC(=O)NC(N)=NCc6ccccc6)C(C)CC5OC4CC3OC2CCC1(C)O,C=CC=CCCC1OC2CCC3(C)OC4C(O)CC5(C)OC(CCC=C(C)C(C)=CC(=O)NC(N)=NCc6ccccc6)C(C)CC5OC4CC3OC2CCC1(C)O,cand034,803.5084661680002,-121.57540600173985,-121.575406,-0.08755874,False,False,decline: top score below validation threshold
MassSpecGymID0395778,134,cand151,CCC1OC(=O)C(C)C(OC2CC(C)(OC)C(O)C(C)O2)C(C)C(OC2CC(N(C)CCC3OC(C)O3)CC(C)O2)C(OC)CC(C)C(=O)C(C)C(O)C1(C)O,CCC1OC(=O)C(C)C(OC2CC(C)(OC)C(O)C(C)O2)C(C)C(OC2CC(N(C)CCC3OC(C)O3)CC(C)O2)C(OC)CC(C)C(=O)C(C)C(O)C1(C)O,cand151,803.5031060160001,-114.90523845999607,-114.905238,-0.10357981,False,False,decline: top score below validation threshold
MassSpecGymID0395778,135,cand050,CC(C)C1=C2C3CCC4C5(C)CCC(OC(=O)CC(C)(C)C(=O)O)C(C)(C)C5CCC4(C)C3(C)CCC2(c2cc(=O)n(-c3ccc(Cl)cc3)n2CCN(C)C)CC1,CC(C)C1=C2C3CCC4C5(C)CCC(OC(=O)CC(C)(C)C(=O)O)C(C)(C)C5CCC4(C)C3(C)CCC2(c2cc(=O)n(-c3ccc(Cl)cc3)n2CCN(C)C)CC1,cand050,803.5004000199998,-111.53786606406962,-111.537866,-0.10570292,False,False,decline: top score below validation threshold
MassSpecGymID0395778,136,cand007,COC1OC(Cn2cc(COC3CCC4(C)C(CCC5(C)C4CC=C4C6CC(C)(C)CCC6(C(=O)OCc6ccccc6)CCC45C)C3(C)C)nn2)C(O)C(O)C1O,COC1OC(Cn2cc(COC3CCC4(C)C(CCC5(C)C4CC=C4C6CC(C)(C)CCC6(C(=O)OCc6ccccc6)CCC45C)C3(C)C)nn2)C(O)C(O)C1O,cand007,803.508466168,-121.57540600159837,-121.575406,-0.11435948,False,False,decline: top score below validation threshold
MassSpecGymID0395778,137,cand048,C=Cc1c2[nH]c(c1C)C=C1NC(=C3c4[nH]c(c(C)c4C(=O)C3C3O[O+]3C)C=c3[nH]c(c(C)c3CC)=C2)C(CCC(=O)OCC=C(C)CCCC(C)CCCC(C)C)C1C,C=Cc1c2[nH]c(c1C)C=C1NC(=C3c4[nH]c(c(C)c4C(=O)C3C3O[O+]3C)C=c3[nH]c(c(C)c3CC)=C2)C(CCC(=O)OCC=C(C)CCCC(C)CCCC(C)C)C1C,cand048,803.51059766409,-124.2278127759215,-124.227813,-0.12181806,False,False,decline: top score below validation threshold
MassSpecGymID0395778,138,cand044,CC1CCC2=CCC3C(C)CC(O)C(C)(O)C4C(CC#CC(C5COC(=O)C5)CC3C2C1)CC1(O)C2=CC(=O)C3CC(O)C(O)CC3(C)C2CCC41CCN=C(N)N,CC1CCC2=CCC3C(C)CC(O)C(C)(O)C4C(CC#CC(C5COC(=O)C5)CC3C2C1)CC1(O)C2=CC(=O)C3CC(O)C(O)CC3(C)C2CCC41CCN=C(N)N,cand044,803.5084661679999,-121.57540600145691,-121.575406,-0.12505558,False,False,decline: top score below validation threshold
MassSpecGymID0395778,139,cand001,CCC(=O)NCCCCC(N)C(=O)NC(CCCN=C(N)N)C(=O)NC(CCCCN)C(=O)NC(CC(C)C)C(=O)NC(Cc1ccccc1)C(=O)NCC(=O)O,CCC(=O)NCCCCC(N)C(=O)NC(CCCN=C(N)N)C(=O)NC(CCCCN)C(=O)NC(CC(C)C)C(=O)NC(Cc1ccccc1)C(=O)NCC(=O)O,cand001,803.5017580400001,-113.22780453165714,-113.227805,-0.12561989,False,False,decline: top score below validation threshold
MassSpecGymID0395778,140,cand148,COc1cc(C(c2cc(C(C)(C)C)c(OC)c(C(C)(C)C)c2)N(C)S(=O)C(C)(C)C)c(P(C23CC4CC(CC(C4)C2)C3)C23CC4CC(CC(C4)C2)C3)cc1OC,COc1cc(C(c2cc(C(C)(C)C)c(OC)c(C(C)(C)C)c2)N(C)S(=O)C(C)(C)C)c(P(C23CC4CC(CC(C4)C2)C3)C23CC4CC(CC(C4)C2)C3)cc1OC,cand148,803.507617478,-120.51930298314765,-120.519303,-0.12607698,False,False,decline: top score below validation threshold
MassSpecGymID0395778,141,cand023,Cc1noc(C)c1C(=O)NC(C)(C)C(=O)NC12CCC3(C)C(CCC4C5(C)CCC(OC(=O)C6CC(C(=O)O)C6(C)C)C(C)(C)C5CCC43C)C1=C(C(C)C)C(=O)C2,Cc1noc(C)c1C(=O)NC(C)(C)C(=O)NC12CCC3(C)C(CCC4C5(C)CCC(OC(=O)C6CC(C(=O)O)C6(C)C)C(C)(C)C5CCC43C)C1=C(C(C)C)C(=O)C2,cand023,803.5084661679999,-121.57540600145691,-121.575406,-0.12705243,False,False,decline: top score below validation threshold
MassSpecGymID0395778,142,cand004,CCOC(=O)N(C)C(C(=O)NC(C(=O)N(C)C(C(C)CC)C(CC(=O)N1CCCC1C(OC)C(C)C(=O)NC(Cc1ccccc1)C(=O)O)OC)C(C)C)C(C)C,CCOC(=O)N(C)C(C(=O)NC(C(=O)N(C)C(C(C)CC)C(CC(=O)N1CCCC1C(OC)C(C)C(=O)NC(Cc1ccccc1)C(=O)O)OC)C(C)C)C(C)C,cand004,803.504443408,-116.5694959978433,-116.569496,-0.12971407,False,False,decline: top score below validation threshold
MassSpecGymID0395778,143,cand166,CCC(=O)NC(CCCCN)C(=O)NC(CCCN=C(N)N)C(=O)NC(CCCCN)C(=O)NC(CC(C)C)C(=O)NC(Cc1ccccc1)C(=O)NCC(=O)O,CCC(=O)NC(CCCCN)C(=O)NC(CCCN=C(N)N)C(=O)NC(CCCCN)C(=O)NC(CC(C)C)C(=O)NC(Cc1ccccc1)C(=O)NCC(=O)O,cand166,803.5017580400001,-113.22780453165714,-113.227805,-0.13151994,False,False,decline: top score below validation threshold
MassSpecGymID0395778,144,cand171,C#Cc1ccc2c3ccc(-c4cn(CC5(O)CCC6(C)C(CCC7C6CCC6(C)C(C(C)CCC(=O)OC)CCC76)C5)nn4)cc3n(CCNC(=O)OC(C)(C)C)c2c1,C#Cc1ccc2c3ccc(-c4cn(CC5(O)CCC6(C)C(CCC7C6CCC6(C)C(C(C)CCC(=O)OC)CCC76)C5)nn4)cc3n(CCNC(=O)OC(C)(C)C)c2c1,cand171,803.4985701799999,-109.26077936924796,-109.260779,-0.14403227,False,False,decline: top score below validation threshold
MassSpecGymID0395778,145,cand041,Cc1c(Br)c([N+](=O)[O-])c(Br)c(Br)c1S(=O)(=O)c1c(C)c(Br)c([N+](=O)[O-])c(Br)c1Br,Cc1c(Br)c([N+](=O)[O-])c(Br)c(Br)c1S(=O)(=O)c1c(C)c(Br)c([N+](=O)[O-])c(Br)c1Br,cand041,803.5046795120002,-116.86330446420145,-116.863304,-0.14949766,False,False,decline: top score below validation threshold
MassSpecGymID0395778,146,cand184,C1=CCCC(C2CCC=CC2N(c2ccc(C3=CC4C(C=C3)C3=C(CCc5ccccc53)C43C4CCC=CC4OC4CCCCC43)cc2)C2C=CC(C3=CCCCC3)=CC2)=C1,C1=CCCC(C2CCC=CC2N(c2ccc(C3=CC4C(C=C3)C3=C(CCc5ccccc53)C43C4CCC=CC4OC4CCCCC43)cc2)C2C=CC(C3=CCCCC3)=CC2)=C1,cand184,803.5066156999999,-119.27269561613792,-119.272696,-0.15384746,False,False,decline: top score below validation threshold
MassSpecGymID0395778,147,cand015,CNCCn1c(-c2ccc(F)cn2)nnc1C(O)C12CCC3(C)C(CCC4C5(C)CCC(OC(=O)CC(C)(C)C(=O)O)C(C)(C)C5CCC43C)C1=C(C(C)C)C(=O)C2,CNCCn1c(-c2ccc(F)cn2)nnc1C(O)C12CCC3(C)C(CCC4C5(C)CCC(OC(=O)CC(C)(C)C(=O)O)C(C)(C)C5CCC43C)C1=C(C(C)C)C(=O)C2,cand015,803.4997130520001,-110.68299161217101,-110.682992,-0.15524545,False,False,decline: top score below validation threshold
MassSpecGymID0395778,148,cand187,C=C(COCCOCCNC(=O)CC)NC(CCCCC(=O)COCCOCCNC(=O)CC)C(=O)NCCOCCOCC(=O)NCCCCC(N)C(N)=O,C=C(COCCOCCNC(=O)CC)NC(CCCCC(=O)COCCOCCNC(=O)CC)C(=O)NCCOCCOCC(=O)NCCCCC(N)C(N)=O,cand187,803.5004206479999,-111.56353586933197,-111.563536,-0.16374233,False,False,decline: top score below validation threshold
MassSpecGymID0395778,149,cand135,CC(=O)CNC1=C2C(CCC3(C)C4C(CC#CC(C5COC(=O)C5)CC5C6CC(C)CCC6=CCC5C(C)CC(O)C4(C)O)CC23O)C2(C)CC(O)C(O)CC2C1=O,CC(=O)CNC1=C2C(CCC3(C)C4C(CC#CC(C5COC(=O)C5)CC5C6CC(C)CCC6=CCC5C(C)CC(O)C4(C)O)CC23O)C2(C)CC(O)C(O)CC2C1=O,cand135,803.497232788,-107.59649750142344,-107.596498,-0.16574377,False,False,decline: top score below validation threshold
MassSpecGymID0395778,150,cand201,CC(C)C1=C2C3CCC4C5(C)CCC(OC(=O)CC(C)(C)C(=O)O)C(C)C5CCC4(C)C3(C)CCC2(C(O)c2nnc(-c3ccc(F)cn3)n2CCN(C)C)CC1=O,CC(C)C1=C2C3CCC4C5(C)CCC(OC(=O)CC(C)(C)C(=O)O)C(C)C5CCC4(C)C3(C)CCC2(C(O)c2nnc(-c3ccc(F)cn3)n2CCN(C)C)CC1=O,cand201,803.499713052,-110.68299161202953,-110.682992,-0.17527786,False,False,decline: top score below validation threshold
MassSpecGymID0395778,151,cand125,CCCN1CC(C)CC(C)(OC)C(OC2OC(C)CC(N(C)C)C2O)C(C)C(=O)C(C)(C)C(=O)OC(C)C1C(=O)N1CCN(C(=O)Nc2cccc(OC)c2)CC1,CCCN1CC(C)CC(C)(OC)C(OC2OC(C)CC(N(C)C)C2O)C(C)C(=O)C(C)(C)C(=O)OC(C)C1C(=O)N1CCN(C(=O)Nc2cccc(OC)c2)CC1,cand125,803.5044434079999,-116.56949599770182,-116.569496,-0.18373,False,False,decline: top score below validation threshold
MassSpecGymID0395778,152,cand191,CC1(C)CC(OC(=O)c2cc(C(=O)OC3CC(C)(C)NC3(C)C)cc3c(C(=O)OC4CC(C)(C)NC4(C)C)cc(C(=O)OC4CC(C)(C)NC4(C)C)cc23)C(C)(C)C1,CC1(C)CC(OC(=O)c2cc(C(=O)OC3CC(C)(C)NC3(C)C)cc3c(C(=O)OC4CC(C)(C)NC4(C)C)cc(C(=O)OC4CC(C)(C)NC4(C)C)cc23)C(C)(C)C1,cand191,803.508466168,-121.57540600159837,-121.575406,-0.18388069,False,False,decline: top score below validation threshold
MassSpecGymID0395778,153,cand040,CCCCCCC1COC(C(O)C(C)(O)C2CCC3(O)C4=C(NCC(C)O)C(=O)C56CC#CCC23CC2C=CC(C3=CNC(N)C=C3)CC5(CC(O)C(O)C6)C42)C1C,CCCCCCC1COC(C(O)C(C)(O)C2CCC3(O)C4=C(NCC(C)O)C(=O)C56CC#CCC23CC2C=CC(C3=CNC(N)C=C3)CC5(CC(O)C(O)C6)C42)C1C,cand040,803.5084661679999,-121.57540600145691,-121.575406,-0.18479328,False,False,decline: top score below validation threshold
MassSpecGymID0395778,154,cand032,CC(C)(N)C(=O)CNC(CCCCNC(=O)CCC(CC(=O)CCCCCCCCCCCCCCCC(c1nn[nH]n1)c1nn[nH]n1)C(=O)O)C(=O)CC(=O)O,CC(C)(N)C(=O)CNC(CCCCNC(=O)CCC(CC(=O)CCCCCCCCCCCCCCCC(c1nn[nH]n1)c1nn[nH]n1)C(=O)O)C(=O)CC(=O)O,cand032,803.5017580399999,-113.2278045313742,-113.227805,-0.18609461,False,False,decline: top score below validation threshold
MassSpecGymID0395778,155,cand179,Cc1cc(-c2cc(C(C)(C)C)cc(C(C)(C)C)c2)cc(-c2ccccc2-c2cccc(-c3ccccc3-c3cc(C)cc(-c4cc(C(C)(C)C)cc(C(C)(C)C)c4)c3O)n2)c1,Cc1cc(-c2cc(C(C)(C)C)cc(C(C)(C)C)c2)cc(-c2ccccc2-c2cccc(-c3ccccc3-c3cc(C)cc(-c4cc(C(C)(C)C)cc(C(C)(C)C)c4)c3O)n2)c1,cand179,803.5066157,-119.2726956162794,-119.272696,-0.18709128,False,False,decline: top score below validation threshold
MassSpecGymID0395778,156,cand005,CC(=CC(C)COC(=O)C(NC(=O)C(Cc1ccc(O[Si](C)(C)C(C)(C)C)cc1)N(C)C(=O)C(C)NC(=O)OC(C)(C)C)C(C)C)CC(C)C(=O)OC(C)(C)C,CC(=CC(C)COC(=O)C(NC(=O)C(Cc1ccc(O[Si](C)(C)C(C)(C)C)cc1)N(C)C(=O)C(C)NC(=O)OC(C)(C)C)C(C)C)CC(C)C(=O)OC(C)(C)C,cand005,803.5116074460001,-125.48436770020903,-125.484368,-0.19187619,False,False,decline: top score below validation threshold
MassSpecGymID0395778,157,cand129,CCN(CC)CC.COCCOCCOCCOCCOCCN.COCCOCCOCCOCCOCCNC(=O)CCC(=O)O.O=C1CCC(=O)O1,CCN(CC)CC.COCCOCCOCCOCCOCCN.COCCOCCOCCOCCOCCNC(=O)CCC(=O)O.O=C1CCC(=O)O1,cand129,803.499083256,-109.89926166707284,-109.899262,-0.19510879,False,False,decline: top score below validation threshold
MassSpecGymID0395778,158,cand141,CCC1CC1(NC(=O)C1CC2(CN1C(=O)C(NC(=O)C(NC(=O)C1CCN1C(C)C)C(C)(C)C)C(C)(C)C)C(C)(C)C21CCC1)C(=O)NS(=O)(=O)N1CCCC1,CCC1CC1(NC(=O)C1CC2(CN1C(=O)C(NC(=O)C(NC(=O)C1CCN1C(C)C)C(C)(C)C)C(C)(C)C)C(C)(C)C21CCC1)C(=O)NS(=O)(=O)N1CCCC1,cand141,803.497918548,-108.44987396800505,-108.449874,-0.19537835,False,False,decline: top score below validation threshold
MassSpecGymID0395778,159,cand107,C=C(C)C1CCC2(NCCN3CCSCC3)CCC3(C)C(CCC4C5(C)CC=C(C6=CCC(CCOc7cc(C)sn7)(C(=O)O)CC6)C(C)(C)C5CCC43C)C12,C=C(C)C1CCC2(NCCN3CCSCC3)CCC3(C)C(CCC4C5(C)CC=C(C6=CCC(CCOc7cc(C)sn7)(C(=O)O)CC6)C(C)(C)C5CCC43C)C12,cand107,803.5093351959999,-122.65681515193941,-122.656815,-0.19824111,False,False,decline: top score below validation threshold
MassSpecGymID0395778,160,cand136,CCC1OC(=O)CC(O)C(C)C(OC2OC(C)C(O)C(N(C)C)C2O)C(CCN2Cc3ccccc3C2)CC(C)C(=O)C=CC(C)=CC1CN(C)Cc1ccccc1,CCC1OC(=O)CC(O)C(C)C(OC2OC(C)C(O)C(N(C)C)C2O)C(CCN2Cc3ccccc3C2)CC(C)C(=O)C=CC(C)=CC1CN(C)Cc1ccccc1,cand136,803.508466168,-121.57540600159837,-121.575406,-0.20440963,False,False,decline: top score below validation threshold
MassSpecGymID0395778,161,cand024,CCC(C)C(NC(=O)C(Cc1ccccc1)NC(=O)C(CCCN=C(N)N)NC(=O)CNC(=O)C(NC(=O)C(CC(C)C)NC(=O)C(N)CO)C(C)CC)C(N)=O,CCC(C)C(NC(=O)C(Cc1ccccc1)NC(=O)C(CCCN=C(N)N)NC(=O)CNC(=O)C(NC(=O)C(CC(C)C)NC(=O)C(N)CO)C(C)CC)C(N)=O,cand024,803.50175804,-113.22780453151567,-113.227805,-0.20967826,False,False,decline: top score below validation threshold
MassSpecGymID0395778,162,cand128,CCc1cc(CC)cc(C2(c3cc(CC)cc(CC)c3)OP(N3CCCCC3)OC(c3cc(CC)cc(CC)c3)(c3cc(CC)cc(CC)c3)C3OC(C)(C)OC32)c1,CCc1cc(CC)cc(C2(c3cc(CC)cc(CC)c3)OP(N3CCCCC3)OC(c3cc(CC)cc(CC)c3)(c3cc(CC)cc(CC)c3)C3OC(C)(C)OC32)c1,cand128,803.50424635,-116.32427634907427,-116.324276,-0.21528874,False,False,decline: top score below validation threshold
MassSpecGymID0395778,163,cand075,C.C.C.C=C(C)B1OC(C)(C)C(C)(C)O1.C=C(C)c1nccc(N(C)C)c1[N+](=O)[O-].CC(C)c1nccc(N(C)C)c1N.CN(C)c1nccc(Cl)c1[N+](=O)[O-],C.C.C.C=C(C)B1OC(C)(C)C(C)(C)O1.C=C(C)c1nccc(N(C)C)c1[N+](=O)[O-].CC(C)c1nccc(N(C)C)c1N.CN(C)c1nccc(Cl)c1[N+](=O)[O-],cand075,803.4995889440002,-110.52854938846383,-110.528549,-0.21575287,False,False,decline: top score below validation threshold
MassSpecGymID0395778,164,cand094,C.CCCCC(C)(CCCC)c1cc(C=NC2CCCCC2N=Cc2cc(C(C)(C)C)cc(C(C)(C)C)c2O)c(O)c(C(C)C)c1.O=C(O)CC(=O)O.[CH3-].[Cr],C.CCCCC(C)(CCCC)c1cc(C=NC2CCCCC2N=Cc2cc(C(C)(C)C)cc(C(C)(C)C)c2O)c(O)c(C(C)C)c1.O=C(O)CC(=O)O.[CH3-].[Cr],cand094,803.5035691999101,-115.4816275458989,-115.481628,-0.2158306,False,False,decline: top score below validation threshold
MassSpecGymID0395778,165,cand010,CC(C)(C)OC(=O)NCCCC(CNC(=O)CC(CCCNC(=O)C(CCCNC(=O)OC(C)(C)C)NC(=O)O)NC(=O)OC(C)(C)C)NC(=O)OC(C)(C)C,CC(C)(C)OC(=O)NCCCC(CNC(=O)CC(CCCNC(=O)C(CCCNC(=O)OC(C)(C)C)NC(=O)O)NC(=O)OC(C)(C)C)NC(=O)OC(C)(C)C,cand010,803.500420648,-111.56353586947343,-111.563536,-0.21632093,False,False,decline: top score below validation threshold
MassSpecGymID0395778,166,cand087,C=C(C)CCCCCCCCCCCCC(=O)NC(CCC(=O)NCCOCCOCC(=O)NCCOCCOCC(=O)NCCCCC(N)C(=O)F)C(=O)O,C=C(C)CCCCCCCCCCCCC(=O)NC(CCC(=O)NCCOCCOCC(=O)NCCOCCOCC(=O)NCCCCC(N)C(=O)F)C(=O)O,cand087,803.50558628,-117.99168744920995,-117.991687,-0.2198933,False,False,decline: top score below validation threshold
MassSpecGymID0395778,167,cand159,Cc1oc(C(C(=O)O)C(C)C)cc1OC1CCC(N2CCC(c3cnc(C45CC6CCC(CC7=C(N)NC(C)C(c8ccccc8O)=C7)CC(C4)C5C6)nc3)CC2)CC1,Cc1oc(C(C(=O)O)C(C)C)cc1OC1CCC(N2CCC(c3cnc(C45CC6CCC(CC7=C(N)NC(C)C(c8ccccc8O)=C7)CC(C4)C5C6)nc3)CC2)CC1,cand159,803.49857018,-109.26077936938944,-109.260779,-0.21994032,False,False,decline: top score below validation threshold
MassSpecGymID0395778,168,cand207,O=[N+]([O-])c1ccc(S(=O)(=O)c2ccc([N+](=O)[O-])cc2C(Br)(Br)Br)c(C(Br)(Br)Br)c1,O=[N+]([O-])c1ccc(S(=O)(=O)c2ccc([N+](=O)[O-])cc2C(Br)(Br)Br)c(C(Br)(Br)Br)c1,cand207,803.5046795120003,-116.8633044643429,-116.863304,-0.22168168,False,False,decline: top score below validation threshold
MassSpecGymID0395778,169,cand103,CCCCOc1c(C(C)(C)C)cc(C(O)(c2cc(C(C)(C)C)c(OCCCC)c(C(C)(C)C)c2)C(CC)N=Cc2cc([N+](=O)[O-])cc([N+](=O)[O-])c2O)cc1C(C)(C)C,CCCCOc1c(C(C)(C)C)cc(C(O)(c2cc(C(C)(C)C)c(OCCCC)c(C(C)(C)C)c2)C(CC)N=Cc2cc([N+](=O)[O-])cc([N+](=O)[O-])c2O)cc1C(C)(C)C,cand103,803.508466168,-121.57540600159837,-121.575406,-0.2219725,False,False,decline: top score below validation threshold
MassSpecGymID0395778,170,cand224,C=CC(=O)OCCOC(C)(CC)C(=O)CCCCCOC(C)(CC)C(=O)CCCCCOC(=O)NC1CC(C)(C)CC(C)(CNC(=O)Nc2nc(C)cc(=O)[nH]2)C1,C=CC(=O)OCCOC(C)(CC)C(=O)CCCCCOC(C)(CC)C(=O)CCCCCOC(=O)NC1CC(C)(C)CC(C)(CNC(=O)Nc2nc(C)cc(=O)[nH]2)C1,cand224,803.5044434079999,-116.56949599770182,-116.569496,-0.22395961,False,False,decline: top score below validation threshold
MassSpecGymID0395778,171,cand192,C=CC1CC1(NC(=O)C1CC2(CN1C(=O)C(NC(=O)C(NC(=O)C1CCCCN1C(C)C)C(C)C)C(C)C)C(C)(C)C21CCC1)C(=O)NS(=O)(=O)N(CC)CC,C=CC1CC1(NC(=O)C1CC2(CN1C(=O)C(NC(=O)C(NC(=O)C1CCCCN1C(C)C)C(C)C)C(C)C)C(C)(C)C21CCC1)C(=O)NS(=O)(=O)N(CC)CC,cand192,803.497918548,-108.44987396800505,-108.449874,-0.22605146,False,False,decline: top score below validation threshold
MassSpecGymID0395778,172,cand137,CC(=O)NC(CCCN=C(N)N)C(=O)NC(C)C(=O)NC(CC(C)C)C(=O)N1CCCC1C(=O)N1CCCC1C(=O)NC(CC(C)C)C(=O)N1CCCC1C(N)=O,CC(=O)NC(CCCN=C(N)N)C(=O)NC(C)C(=O)NC(CC(C)C)C(=O)N1CCCC1C(=O)N1CCCC1C(=O)NC(CC(C)C)C(=O)N1CCCC1C(N)=O,cand137,803.50175804,-113.22780453151567,-113.227805,-0.22625606,False,False,decline: top score below validation threshold
MassSpecGymID0395778,173,cand198,COC(=O)CC(O)C(CC(C)C)NC(=O)C(C)NC(=O)CC(O)C(CC(C)C)NC(=O)CN(C(=O)C(Cc1ccccc1)NC(=O)OC(C)(C)C)C1CCCCC1,COC(=O)CC(O)C(CC(C)C)NC(=O)C(C)NC(=O)CC(O)C(CC(C)C)NC(=O)CN(C(=O)C(Cc1ccccc1)NC(=O)OC(C)(C)C)C1CCCCC1,cand198,803.5044434079999,-116.56949599770182,-116.569496,-0.22881922,False,False,decline: top score below validation threshold
MassSpecGymID0395778,174,cand163,C.C.COC(=O)c1ccc(CCC23CC4CC(C2)CC(c2ccccc2)(C4)C3)nc1.COC(=O)c1ccc(F)nc1.NCC12CC3CC(C1)CC(c1ccccc1)(C3)C2,C.C.COC(=O)c1ccc(CCC23CC4CC(C2)CC(c2ccccc2)(C4)C3)nc1.COC(=O)c1ccc(F)nc1.NCC12CC3CC(C1)CC(c1ccccc1)(C3)C2,cand163,803.5037358120001,-115.6889605574452,-115.688961,-0.23260184,False,False,decline: top score below validation threshold
MassSpecGymID0395778,175,cand172,CC(C)(C)OC(=O)NCCCC(CNC(=O)CC(CCCNC(=O)OC(C)(C)C)NC(=O)C(CCCNC(=O)OC(C)(C)C)NC(=O)O)NC(=O)OC(C)(C)C,CC(C)(C)OC(=O)NCCCC(CNC(=O)CC(CCCNC(=O)OC(C)(C)C)NC(=O)C(CCCNC(=O)OC(C)(C)C)NC(=O)O)NC(=O)OC(C)(C)C,cand172,803.500420648,-111.56353586947343,-111.563536,-0.23282154,False,False,decline: top score below validation threshold
MassSpecGymID0395778,176,cand139,CCC(C)C(NC(=O)C(CCCN=C(N)N)NC(=O)C(CC(C)C)NC(=O)C(NC(=O)C(CCCN=C(N)N)NC(=O)OCc1ccccc1)C(C)CC)C(=O)O,CCC(C)C(NC(=O)C(CCCN=C(N)N)NC(=O)C(CC(C)C)NC(=O)C(NC(=O)C(CCCN=C(N)N)NC(=O)OCc1ccccc1)C(C)CC)C(=O)O,cand139,803.5017580400003,-113.22780453179863,-113.227805,-0.23452114,False,False,decline: top score below validation threshold
MassSpecGymID0395778,177,cand183,COc1c(-c2cc(C(=O)NC(Cc3ccccc3)CN(C)C)cc(N(C)C)c2)ccc(F)c1CN1OC(CO)C(C(C)O)C1C(=O)NC1CC(C)C(C)(C)C(C)C1C,COc1c(-c2cc(C(=O)NC(Cc3ccccc3)CN(C)C)cc(N(C)C)c2)ccc(F)c1CN1OC(CO)C(C(C)O)C1C(=O)NC1CC(C)C(C)(C)C(C)C1C,cand183,803.4997130520001,-110.68299161217101,-110.682992,-0.23629643,False,False,decline: top score below validation threshold
MassSpecGymID0395778,178,cand067,C=CCOC12Oc3ccc(OCc4cccc(C)n4)cc3C3C(CCCCO)C(CCCCO)C=C(C(=NOC(C)(C)C)CC1N(CCC)C(=O)OCC(C)(C)C)C32,C=CCOC12Oc3ccc(OCc4cccc(C)n4)cc3C3C(CCCCO)C(CCCCO)C=C(C(=NOC(C)(C)C)CC1N(CCC)C(=O)OCC(C)(C)C)C32,cand067,803.5084661679999,-121.57540600145691,-121.575406,-0.24165338,False,False,decline: top score below validation threshold
MassSpecGymID0395778,179,cand003,O.O.O.OC(O)CC(O)O.[Ag].[Ag].[Ag].[Ag].[Ag].[Ag],O.O.O.OC(O)CC(O)O.[Ag].[Ag].[Ag].[Ag].[Ag].[Ag],cand003,803.504534788,-116.68320954130398,-116.68321,-0.24615741,False,False,decline: top score below validation threshold
MassSpecGymID0395778,180,cand170,CCC1OC(=O)C(C)C(O)C(C)C(OC2OC(C)CC(N(C)C(=O)N(C)c3cc(C)n(C)n3)C2Oc2ccccc2)C(C)(O)CC(C)CN(C)C(C)C(O)C1(C)O,CCC1OC(=O)C(C)C(O)C(C)C(OC2OC(C)CC(N(C)C(=O)N(C)c3cc(C)n(C)n3)C2Oc2ccccc2)C(C)(O)CC(C)CN(C)C(C)C(O)C1(C)O,cand170,803.5044434080002,-116.56949599798477,-116.569496,-0.24685061,False,False,decline: top score below validation threshold
MassSpecGymID0395778,181,cand220,C=CC(=O)OCCCCCCCCCCCOc1ccc(C(=O)Nc2ccc(OC(=O)C3CCC(OCCCCCCCCCCCOC(=O)C=C)CC3)cc2)cc1,C=CC(=O)OCCCCCCCCCCCOc1ccc(C(=O)Nc2ccc(OC(=O)C3CCC(OCCCCCCCCCCCOC(=O)C=C)CC3)cc2)cc1,cand220,803.4972327879999,-107.59649750128196,-107.596498,-0.24766329,False,False,decline: top score below validation threshold
MassSpecGymID0395778,182,cand140,C=CC(=O)OCCCCCCCCCCCOc1ccc(NC(=O)c2ccc(OC(=O)C3CCC(OCCCCCCCCCCCOC(=O)C=C)CC3)cc2)cc1,C=CC(=O)OCCCCCCCCCCCOc1ccc(NC(=O)c2ccc(OC(=O)C3CCC(OCCCCCCCCCCCOC(=O)C=C)CC3)cc2)cc1,cand140,803.4972327879999,-107.59649750128196,-107.596498,-0.24766329,True,False,decline: top score below validation threshold
MassSpecGymID0395778,183,cand132,CCCN(Cc1ncc(-c2ccc(-c3ccc(-c4cnc(CN(CCC)C(=O)CC(C)C)[nH]4)cc3CN(C)C)cc2)[nH]1)C(=O)CC(C)C.COC(N)=O.COC(N)=O,CCCN(Cc1ncc(-c2ccc(-c3ccc(-c4cnc(CN(CCC)C(=O)CC(C)C)[nH]4)cc3CN(C)C)cc2)[nH]1)C(=O)CC(C)C.COC(N)=O.COC(N)=O,cand132,803.5057808000001,-118.23374799569832,-118.233748,-0.2494314,False,False,decline: top score below validation threshold
MassSpecGymID0395778,184,cand043,Cc1cc2c3c(n1)N(c1ccc(C(C)(C)C)cc1)c1ccc(C(C)(C)C)cc1B3c1cc3c(cc1N2c1cccc2c1oc1c(C(C)(C)C)cccc12)C(C)(C)CCC3(C)C,Cc1cc2c3c(n1)N(c1ccc(C(C)(C)C)cc1)c1ccc(C(C)(C)C)cc1B3c1cc3c(cc1N2c1cccc2c1oc1c(C(C)(C)C)cccc12)C(C)(C)CCC3(C)C,cand043,803.4985940040001,-109.29042646179798,-109.290426,-0.2510069,False,False,decline: top score below validation threshold
MassSpecGymID0395778,185,cand106,CCC.CCN(CC)CCCOC=CC(=Cc1c(C)nc(-c2ccc(Oc3ccc(F)c(C(F)(F)F)c3)cc2OCCN(CC)CC)n1C)OCCN1CCCC1,CCC.CCN(CC)CCCOC=CC(=Cc1c(C)nc(-c2ccc(Oc3ccc(F)c(C(F)(F)F)c3)cc2OCCN(CC)CC)n1C)OCCN1CCCC1,cand106,803.4972684399999,-107.64086375530826,-107.640864,-0.2512538,False,False,decline: top score below validation threshold
MassSpecGymID0395778,186,cand071,CC(=O)CCCCCCCSCCCCCCCC(=O)NCCCOCCOCCOCCCNC(=O)CCC(=O)NC(CCC(=O)O)C(=O)OC(C)(C)C,CC(=O)CCCCCCCSCCCCCCCC(=O)NCCCOCCOCCOCCCNC(=O)CCC(=O)NC(CCC(=O)O)C(=O)OC(C)(C)C,cand071,803.496581156,-106.78558940059045,-106.785589,-0.2560788,False,False,decline: top score below validation threshold
MassSpecGymID0395778,187,cand079,C=C1Oc2c(-c3ccccc3)cccc2C(C)C=C1c1ccc2c(c1)C1C=CC(CC)=CS21C.CC.CCCC(NCC(C)C)c1ccccc1.CCc1ccccc1,C=C1Oc2c(-c3ccccc3)cccc2C(C)C=C1c1ccc2c(c1)C1C=CC(CC)=CS21C.CC.CCCC(NCC(C)C)c1ccccc1.CCc1ccccc1,cand079,803.509986828,-123.46769751016856,-123.467698,-0.25703064,False,False,decline: top score below validation threshold
MassSpecGymID0395778,188,cand204,COc1c(CN2OC(CO)C(C(C)O)C2C(=O)NC2CC(C)C(C)(C)C(C)C2C)cc(F)cc1-c1cc(C(=O)NC(Cc2ccccc2)CN(C)C)cc(N(C)C)c1,COc1c(CN2OC(CO)C(C(C)O)C2C(=O)NC2CC(C)C(C)(C)C(C)C2C)cc(F)cc1-c1cc(C(=O)NC(Cc2ccccc2)CN(C)C)cc(N(C)C)c1,cand204,803.499713052,-110.68299161202953,-110.682992,-0.2691517,False,False,decline: top score below validation threshold
MassSpecGymID0395778,189,cand009,CC(=CC(C)=Nc1c(C(C)C)cccc1C(C)C)[N-]c1c(C(C)C)cccc1C(C)C.CN(C)CCN(C)C.[O-2].[O-2].[U],CC(=CC(C)=Nc1c(C(C)C)cccc1C(C)C)[N-]c1c(C(C)C)cccc1C(C)C.CN(C)CCN(C)C.[O-2].[O-2].[U],cand009,803.5016831635501,-113.13462741262424,-113.134627,-0.26948172,False,False,decline: top score below validation threshold
MassSpecGymID0395778,190,cand078,Cc1cc(CCCOC(=O)CN(CC(=O)OCCCc2cc(C)cc(C(C)(C)C)c2O)CC(=O)OCCCc2cc(C)cc(C(C)(C)C)c2O)c(O)c(C(C)(C)C)c1,Cc1cc(CCCOC(=O)CN(CC(=O)OCCCc2cc(C)cc(C(C)(C)C)c2O)CC(=O)OCCCc2cc(C)cc(C(C)(C)C)c2O)c(O)c(C(C)(C)C)c1,cand078,803.4972327879999,-107.59649750128196,-107.596498,-0.2696256,False,False,decline: top score below validation threshold
MassSpecGymID0395778,191,cand028,Cc1cc(O)cc(C)c1CC(NC(=O)C(CCCn1ccnc1N)NC(=O)OC(C)(C)C)C(=O)NC(CCCCN(C)C)c1nc(C23CC4CC(CC(C4)C2)C3)no1,Cc1cc(O)cc(C)c1CC(NC(=O)C(CCCn1ccnc1N)NC(=O)OC(C)(C)C)C(=O)NC(CCCCN(C)C)c1nc(C23CC4CC(CC(C4)C2)C3)no1,cand028,803.5057808,-118.23374799555684,-118.233748,-0.27253625,False,False,decline: top score below validation threshold
MassSpecGymID0395778,192,cand031,CC1CCC(c2ccc3sc(C4CC(C)(C)N(C)C(C)(C)C4)nc3c2)=NC1.CC1CCC(c2ccc3sc(C4CC(C)(C)N(C)C(C)(C)C4)nc3c2)NC1.[B].[H-].[Na+],CC1CCC(c2ccc3sc(C4CC(C)(C)N(C)C(C)(C)C4)nc3c2)=NC1.CC1CCC(c2ccc3sc(C4CC(C)(C)N(C)C(C)(C)C4)nc3c2)NC1.[B].[H-].[Na+],cand031,803.501587888,-113.01606539292916,-113.016065,-0.27313828,False,False,decline: top score below validation threshold
MassSpecGymID0395778,193,cand108,Cc1ccccc1CC(NC(=O)C(NC(=O)C(COC(C)(C)C)NC(=O)CCC(=O)OC(C)(C)C)C(C)C)C(=O)NC(C(=O)NC(CC(C)C)C(=O)O)C(C)(C)C,Cc1ccccc1CC(NC(=O)C(NC(=O)C(COC(C)(C)C)NC(=O)CCC(=O)OC(C)(C)C)C(C)C)C(=O)NC(C(=O)NC(CC(C)C)C(=O)O)C(C)(C)C,cand108,803.504443408,-116.5694959978433,-116.569496,-0.2764547,False,False,decline: top score below validation threshold
MassSpecGymID0395778,194,cand174,CC(=O)NC(CC(C)C)C(=O)N1CCCC1C(=O)NC(C(=O)NC(CN)C(=O)NC(CC1CCCC1)C(=O)N1CCCC1c1nc(-c2ccccc2)cn1C)C(C)C,CC(=O)NC(CC(C)C)C(=O)N1CCCC1C(=O)NC(C(=O)NC(CN)C(=O)NC(CC1CCCC1)C(=O)N1CCCC1c1nc(-c2ccccc2)cn1C)C(C)C,cand174,803.5057807999999,-118.23374799541537,-118.233748,-0.27765036,False,False,decline: top score below validation threshold
MassSpecGymID0395778,195,cand147,COC(=O)NC(C(=O)N1CC(C)CC1c1ncc(-c2ccc(C3=CC(C)C(c4cnc(C5CC(C)CN5C(=O)CC(C)C)[nH]4)C=C3)c3c2CC2(CCCC2)C3)[nH]1)C(C)C,COC(=O)NC(C(=O)N1CC(C)CC1c1ncc(-c2ccc(C3=CC(C)C(c4cnc(C5CC(C)CN5C(=O)CC(C)C)[nH]4)C=C3)c3c2CC2(CCCC2)C3)[nH]1)C(C)C,cand147,803.5098035599999,-123.23964133509207,-123.239641,-0.28194577,False,False,decline: top score below validation threshold
MassSpecGymID0395778,196,cand100,CCC1CCCC(OC2CCC(N(C)C(=O)c3ccccc3)C(C)O2)C(C)C(=O)C2=CC3C(C=C(C)C4CC(OC5OC(C)C(C)C(C)C5OC)CC43)C2CC(=O)O1,CCC1CCCC(OC2CCC(N(C)C(=O)c3ccccc3)C(C)O2)C(C)C(=O)C2=CC3C(C=C(C)C4CC(OC5OC(C)C(C)C(C)C5OC)CC43)C2CC(=O)O1,cand100,803.4972327880001,-107.59649750156491,-107.596498,-0.28219256,False,False,decline: top score below validation threshold
MassSpecGymID0395778,197,cand058,C#C.CCC.CCCN(C)Cc1ncc(-c2ccc(-c3ccc(-c4cnc(CN(CCC)C(=O)CNC=O)[nH]4)cc3)cc2)[nH]1.COC.COC(=O)NN(C=O)C(C)C,C#C.CCC.CCCN(C)Cc1ncc(-c2ccc(-c3ccc(-c4cnc(CN(CCC)C(=O)CNC=O)[nH]4)cc3)cc2)[nH]1.COC.COC(=O)NN(C=O)C(C)C,cand058,803.5057808000001,-118.23374799569832,-118.233748,-0.28385416,False,False,decline: top score below validation threshold
MassSpecGymID0395778,198,cand069,CC(=O)CNC(CCCCNC(=O)CCC(NC(=O)CCCCCCCCCCCCCCCCC(=O)O)C(=O)O)C(=O)CNC(Cc1ccc(O)cc1)C(N)=O,CC(=O)CNC(CCCCNC(=O)CCC(NC(=O)CCCCCCCCCCCCCCCCC(=O)O)C(=O)O)C(=O)CNC(Cc1ccc(O)cc1)C(N)=O,cand069,803.5044434079999,-116.56949599770182,-116.569496,-0.28429446,False,False,decline: top score below validation threshold
MassSpecGymID0395778,199,cand223,CCOCCC(C)(C)OC(=O)CCCC(=O)OCCN(CCOC(=O)CCCC(=O)OC(C)(C)C)CCOC(=O)CCCC(=O)OC(C)(C)CCOC(C)(C)C,CCOCCC(C)(C)OC(=O)CCCC(=O)OCCN(CCOC(=O)CCCC(=O)OC(C)(C)C)CCOC(=O)CCCC(=O)OC(C)(C)CCOC(C)(C)C,cand223,803.503106016,-114.90523845985462,-114.905238,-0.28560328,False,False,decline: top score below validation threshold
MassSpecGymID0395778,200,cand143,CC(CC(CC(CC(CC(CC(CC(C)c1ccccc1)c1ccc(CO)cc1)c1ccccc1)c1ccccc1)c1ccccc1)c1ccc(CN)cc1)c1ccccc1,CC(CC(CC(CC(CC(CC(CC(C)c1ccccc1)c1ccc(CO)cc1)c1ccccc1)c1ccccc1)c1ccccc1)c1ccc(CN)cc1)c1ccccc1,cand143,803.5066156999999,-119.27269561613792,-119.272696,-0.2861569,False,False,decline: top score below validation threshold
MassSpecGymID0395778,201,cand030,CCC=C(CC=CC(C)CC(C)=C(C)C(=O)NC1CCN(CC2C=CCN=C(NCCN(CCC)N(C)c3cccc(-c4cccnc4)c3)C=C2)CC1)OC(F)(F)F,CCC=C(CC=CC(C)CC(C)=C(C)C(=O)NC1CCN(CC2C=CCN=C(NCCN(CCC)N(C)c3cccc(-c4cccnc4)c3)C=C2)CC1)OC(F)(F)F,cand030,803.5073589480002,-120.19758988475638,-120.19759,-0.29137546,False,False,decline: top score below validation threshold
MassSpecGymID0395778,202,cand150,CCN1C=CN(CC)C1c1c2nc(c(-c3n(CC)cc[n+]3CC)c3ccc([nH]3)c(-c3n(CC)cc[n+]3CC)c3nc(c(-c4n(CC)cc[n+]4CC)c4ccc1[nH]4)C=C3)C=C2,CCN1C=CN(CC)C1c1c2nc(c(-c3n(CC)cc[n+]3CC)c3ccc([nH]3)c(-c3n(CC)cc[n+]3CC)c3nc(c(-c4n(CC)cc[n+]4CC)c4ccc1[nH]4)C=C3)C=C2,cand150,803.49691914827,-107.20619608763796,-107.206196,-0.29604024,False,False,decline: top score below validation threshold
MassSpecGymID0395778,203,cand181,C=C1CCC(N2Cc3cc(N(C)CCN4CCN(c5ccc6nc7n(c6c5)CC(C)CCCCc5c(cnn5C)-c5cc(cc(C)n5)C(=C)N7)CC4)ccc3C2=C)C(=C)N1,C=C1CCC(N2Cc3cc(N(C)CCN4CCN(c5ccc6nc7n(c6c5)CC(C)CCCCc5c(cnn5C)-c5cc(cc(C)n5)C(=C)N7)CC4)ccc3C2=C)C(=C)N1,cand181,803.511140952,-124.90387112884589,-124.903871,-0.30059436,False,False,decline: top score below validation threshold
MassSpecGymID0395778,204,cand045,CC.CC(C)C1=CC=C(C2=CCCC=C2)CC1.Cc1ccc(-n2cc(C=Cc3oc4c(c3C)CCC=C4)c3ccccc32)cc1.Cc1ccc2c(c1)C(C)(C)c1ccccc1-2,CC.CC(C)C1=CC=C(C2=CCCC=C2)CC1.Cc1ccc(-n2cc(C=Cc3oc4c(c3C)CCC=C4)c3ccccc32)cc1.Cc1ccc2c(c1)C(C)(C)c1ccccc1-2,cand045,803.5066157,-119.2726956162794,-119.272696,-0.3007956,False,False,decline: top score below validation threshold
MassSpecGymID0395778,205,cand145,CCC(C)C(N)C(=O)NCC(=O)NC(CCCCNCc1ccc(C)cc1)C(=O)NCC(=O)NC(C(=O)NC(C)C(=O)NC(CCCN=C(N)N)C(=O)O)C(C)C,CCC(C)C(N)C(=O)NCC(=O)NC(CCCCNCc1ccc(C)cc1)C(=O)NCC(=O)NC(C(=O)NC(C)C(=O)NC(CCCN=C(N)N)C(=O)O)C(C)C,cand145,803.50175804,-113.22780453151567,-113.227805,-0.30978048,False,False,decline: top score below validation threshold
MassSpecGymID0395778,206,cand025,CCCCCCCCCCC(O)C(=O)NN(CC(=O)O)C(CCCCCCCCCCC(N)=O)OC(c1ccccc1)(c1ccc(OC)cc1)c1ccc(OC)cc1,CCCCCCCCCCC(O)C(=O)NN(CC(=O)O)C(CCCCCCCCCCC(N)=O)OC(c1ccccc1)(c1ccc(OC)cc1)c1ccc(OC)cc1,cand025,803.508466168,-121.57540600159837,-121.575406,-0.31224832,False,False,decline: top score below validation threshold
MassSpecGymID0395778,207,cand118,CCNc1c(N)cc(C(C)(C)C)cc1NC(=O)c1cc(C(=O)Nc2cc(C(C)(C)C)cc(N)c2NCCN=C(N)N)c(OCCN=C(N)N)cc1OCCN=C(N)N,CCNc1c(N)cc(C(C)(C)C)cc1NC(=O)c1cc(C(=O)Nc2cc(C(C)(C)C)cc(N)c2NCCN=C(N)N)c(OCCN=C(N)N)cc1OCCN=C(N)N,cand118,803.503095432,-114.8920676533687,-114.892068,-0.31295568,False,False,decline: top score below validation threshold
MassSpecGymID0395778,208,cand175,Cc1ccc(-n2nc3c(=O)n(CCCC(=O)NCCc4ccc(NC(=O)CCCCCCCCCC(=O)NCC56CC7CC(CC(C7)C5)C6)cc4)nc(C)c3c2C)cc1,Cc1ccc(-n2nc3c(=O)n(CCCC(=O)NCCc4ccc(NC(=O)CCCCCCCCCC(=O)NCC56CC7CC(CC(C7)C5)C6)cc4)nc(C)c3c2C)cc1,cand175,803.5098035599999,-123.23964133509207,-123.239641,-0.31354275,False,False,decline: top score below validation threshold
MassSpecGymID0395778,209,cand146,CNC(C(=O)N1CCCC1CN(CCc1ccccc1)C(=O)OCc1ccccc1)C(C)(C)C.O=C(OCc1ccccc1)N(CCc1ccccc1)CC1CCCN1,CNC(C(=O)N1CCCC1CN(CCc1ccccc1)C(=O)OCc1ccccc1)C(C)(C)C.O=C(OCc1ccccc1)N(CCc1ccccc1)CC1CCCN1,cand146,803.4985701799999,-109.26077936924796,-109.260779,-0.31967473,False,False,decline: top score below validation threshold
MassSpecGymID0395778,210,cand085,CCC(C)C(N)C(=O)NCC(=O)NC(CCCCNCc1ccccc1C)C(=O)NCC(=O)NC(C(=O)NC(C)C(=O)NC(CCCN=C(N)N)C(=O)O)C(C)C,CCC(C)C(N)C(=O)NCC(=O)NC(CCCCNCc1ccccc1C)C(=O)NCC(=O)NC(C(=O)NC(C)C(=O)NC(CCCN=C(N)N)C(=O)O)C(C)C,cand085,803.50175804,-113.22780453151567,-113.227805,-0.31969386,False,False,decline: top score below validation threshold
MassSpecGymID0395778,211,cand073,C=C(C=CC=CC=C1N(CCCCCC(=O)O)c2cc3c(cc2C1(C)C)C(C)(C)c1ccccc1-3)C1(c2cc(N(CC)CC)ccc2NCCCO)CCc2ccccc21,C=C(C=CC=CC=C1N(CCCCCC(=O)O)c2cc3c(cc2C1(C)C)C(C)(C)c1ccccc1-3)C1(c2cc(N(CC)CC)ccc2NCCCO)CCc2ccccc21,cand073,803.50259294,-114.26676255531497,-114.266763,-0.3257801,False,False,decline: top score below validation threshold
MassSpecGymID0395778,212,cand138,CC.Cc1ccc(OP(=O)(OC2CCC3(C)C(=CCC4C3CCC3(C)C(C(C)CCCC(C)C)CCC43)C2)OC2CC(n3cnc4c(N)ncnc43)OC2C)cc1,CC.Cc1ccc(OP(=O)(OC2CCC3(C)C(=CCC4C3CCC3(C)C(C(C)CCCC(C)C)CCC43)C2)OC2CC(n3cnc4c(N)ncnc43)OC2C)cc1,cand138,803.5114569699999,-125.29711820119172,-125.297118,-0.32771423,False,False,decline: top score below validation threshold
MassSpecGymID0395778,213,cand092,CCC(C)C(N)C(=O)NCC(=O)NC(CCCCNCc1cccc(C)c1)C(=O)NCC(=O)NC(C(=O)NC(C)C(=O)NC(CCCN=C(N)N)C(=O)O)C(C)C,CCC(C)C(N)C(=O)NCC(=O)NC(CCCCNCc1cccc(C)c1)C(=O)NCC(=O)NC(C(=O)NC(C)C(=O)NC(CCCN=C(N)N)C(=O)O)C(C)C,cand092,803.50175804,-113.22780453151567,-113.227805,-0.3285135,False,False,decline: top score below validation threshold
MassSpecGymID0395778,214,cand190,CCCCC(=O)Nc1cc(-c2nc3n(n2)C(=Nc2cc4c(cc2C)N(C)C(C)(C)CC4C)C(C#N)=C3C(=O)OC2C(CCCC)CC(C)CC2CCCC)ccc1OC,CCCCC(=O)Nc1cc(-c2nc3n(n2)C(=Nc2cc4c(cc2C)N(C)C(C)(C)CC4C)C(C#N)=C3C(=O)OC2C(CCCC)CC(C)CC2CCCC)ccc1OC,cand190,803.50980356,-123.23964133523353,-123.239641,-0.32926887,False,False,decline: top score below validation threshold
MassSpecGymID0395778,215,cand217,CC(C)c1cc2ccccc2c(C(C)C)c1-n1cc[n+](C)c1-c1ccccc1C(C)(C)C(C)Cc1ccccc1-c1nccn1-c1c(C(C)C)sc(C(C)C)c1C(C)C,CC(C)c1cc2ccccc2c(C(C)C)c1-n1cc[n+](C)c1-c1ccccc1C(C)(C)C(C)Cc1ccccc1-c1nccn1-c1c(C(C)C)sc(C(C)C)c1C(C)C,cand217,803.50809556409,-121.11422974742885,-121.11423,-0.330378,False,False,decline: top score below validation threshold
MassSpecGymID0395778,216,cand162,CCCCCCCCCCCCC(Oc1ccc(O)c(C(C)(C)C)c1)C(=O)Nc1cc(-c2nc3c(Cl)c(C(CC)(CC)CC4CCCCC4)[nH]n3n2)ccc1OC,CCCCCCCCCCCCC(Oc1ccc(O)c(C(C)(C)C)c1)C(=O)Nc1cc(-c2nc3c(Cl)c(C(CC)(CC)CC4CCCCC4)[nH]n3n2)ccc1OC,cand162,803.5116333999999,-125.51666436145503,-125.516664,-0.3390631,False,False,decline: top score below validation threshold
MassSpecGymID0395778,217,cand036,Cc1ccc(C)c(C2(c3ccc(OCCC(C)CCCC(C)C)cc3)c3cc(C)ccc3-c3ccc(C)cc32)c1.Cc1ccc(N(c2ccccc2)c2ccc(C)cc2)cc1,Cc1ccc(C)c(C2(c3ccc(OCCC(C)CCCC(C)C)cc3)c3cc(C)ccc3-c3ccc(C)cc32)c1.Cc1ccc(N(c2ccccc2)c2ccc(C)cc2)cc1,cand036,803.5066157,-119.2726956162794,-119.272696,-0.35081887,False,False,decline: top score below validation threshold
MassSpecGymID0395778,218,cand046,C=CCCC(C(=C)NC)c1ccc(CCN2CCN(c3ccc(-c4cnc5n[nH]c(-c6ccc(CNC(=O)C7=NCC(C(C)(C)C)=N7)c(C)c6)c5c4)cc3)CC2)cc1CC,C=CCCC(C(=C)NC)c1ccc(CCN2CCN(c3ccc(-c4cnc5n[nH]c(-c6ccc(CNC(=O)C7=NCC(C(C)(C)C)=N7)c(C)c6)c5c4)cc3)CC2)cc1CC,cand046,803.4999075720001,-110.92505569724176,-110.925056,-0.35611042,False,False,decline: top score below validation threshold
MassSpecGymID0395778,219,cand051,C=C(N)C1CCCCCC1.CC.CC1=CC=CCN1C(C)C.CCCCCCCC=NNc1cc(Sc2c(Cl)cccc2Cl)ccn1.CCCOCCC,C=C(N)C1CCCCCC1.CC.CC1=CC=CCN1C(C)C.CCCCCCCC=NNc1cc(Sc2c(Cl)cccc2Cl)ccn1.CCCOCCC,cand051,803.5069383800002,-119.67423728052223,-119.674237,-0.36268103,False,False,decline: top score below validation threshold
MassSpecGymID0395778,220,cand218,CCCCCCCCCCCCCCCc1c(N)cc(N)c(OCC)c1C1C(C(=O)OC(C)C)=C(C)NC(Cn2c(=S)[nH]c3cc(C)ccc32)=C1C(=O)OC(C)C,CCCCCCCCCCCCCCCc1c(N)cc(N)c(OCC)c1C1C(C(=O)OC(C)C)=C(C)NC(Cn2c(=S)[nH]c3cc(C)ccc32)=C1C(=O)OC(C)C,cand218,803.501941308,-113.4558652735583,-113.455865,-0.36936396,False,False,decline: top score below validation threshold
MassSpecGymID0395778,221,cand213,CCOC(=O)C(CCc1ccccc1)CC(C)C(=O)N1C(CNCCC(=O)OC2CCN(C3CCCCC3OCCc3ccc(OC)c(OC)c3)C2)CC2CCCC21,CCOC(=O)C(CCc1ccccc1)CC(C)C(=O)N1C(CNCCC(=O)OC2CCN(C3CCCCC3OCCc3ccc(OC)c(OC)c3)C2)CC2CCCC21,cand213,803.508466168,-121.57540600159837,-121.575406,-0.37247902,False,False,decline: top score below validation threshold
MassSpecGymID0395778,222,cand130,C=C(C=CC)CN(C)CCC.C=CCF.CC.CC(=O)NC1CCN(Cc2ccc(N3CCC(NC(=O)c4ccc(Cl)c(-c5cccnc5)c4C)CC3)nc2)CC1,C=C(C=CC)CN(C)CCC.C=CCF.CC.CC(=O)NC1CCN(Cc2ccc(N3CCC(NC(=O)c4ccc(Cl)c(-c5cccnc5)c4C)CC3)nc2)CC1,cand130,803.5028802840002,-114.62433584268732,-114.624336,-0.38063762,False,False,decline: top score below validation threshold
MassSpecGymID0395778,223,cand037,CC.CC(=O)NCC(=O)N1CCCC1.CCC.CCC.COC(=O)NCC(=O)N1CCCC1.Cn1cc(-c2ccc(-c3cnc[nH]3)cc2)c2occ(-c3cnc[nH]3)c21,CC.CC(=O)NCC(=O)N1CCCC1.CCC.CCC.COC(=O)NCC(=O)N1CCCC1.Cn1cc(-c2ccc(-c3cnc[nH]3)cc2)c2occ(-c3cnc[nH]3)c21,cand037,803.5057807999999,-118.23374799541537,-118.233748,-0.38438708,False,False,decline: top score below validation threshold
MassSpecGymID0395778,224,cand123,CCCCCNc1nc(N)nc2c1N(Cc1ccc(CN(CCCCOCCOCCOCCNC(=O)C(CC)SCC(N)C=O)CCNC)cc1OC)CC2,CCCCCNc1nc(N)nc2c1N(Cc1ccc(CN(CCCCOCCOCCOCCNC(=O)C(CC)SCC(N)C=O)CCNC)cc1OC)CC2,cand123,803.5091519279999,-122.42875860710505,-122.428759,-0.3936855,False,False,decline: top score below validation threshold
MassSpecGymID0395778,225,cand014,CC(C)(C)C(=O)NN.CN1CCN(C(=O)NN)CC1.Cc1ccc(C(=O)NN)cc1.NNC(=O)N1CCOCC1.NNC(=O)c1ccc(N)cc1.Nc1ccn[nH]1,CC(C)(C)C(=O)NN.CN1CCN(C(=O)NN)CC1.Cc1ccc(C(=O)NN)cc1.NNC(=O)N1CCOCC1.NNC(=O)c1ccc(N)cc1.Nc1ccn[nH]1,cand014,803.4990726719999,-109.88609072856447,-109.886091,-0.41631985,False,False,decline: top score below validation threshold
MassSpecGymID0395778,226,cand033,CC1CN(C)CN(c2cccc3c(N4CN(c5cccc6c(N7CN(C)CN(C)C7)cccc56)CN(c5cccc6c(N7CN(C)CN(C)C7)cccc56)C4)cccc23)C1,CC1CN(C)CN(c2cccc3c(N4CN(c5cccc6c(N7CN(C)CN(C)C7)cccc56)CN(c5cccc6c(N7CN(C)CN(C)C7)cccc56)C4)cccc23)C1,cand033,803.511140952,-124.90387112884589,-124.903871,-0.41666025,False,False,decline: top score below validation threshold
MassSpecGymID0395778,227,cand168,CC1C=CC=C(CN2CCN(C(=O)OC(C)(C)C)C(CC(Cc3cccc(N4CCN(C(=O)OC(C)(C)C)CC4)c3)N(Cc3ccccc3)Cc3ccccc3)C2=O)C1,CC1C=CC=C(CN2CCN(C(=O)OC(C)(C)C)C(CC(Cc3cccc(N4CCN(C(=O)OC(C)(C)C)CC4)c3)N(Cc3ccccc3)Cc3ccccc3)C2=O)C1,cand168,803.49857018,-109.26077936938944,-109.260779,-0.44272897,False,False,decline: top score below validation threshold
