id,smiles
cand241,O=C(Nc1ccc(F)c(F)c1)c1ccc(Cl)c(S(=O)[O-])c1
cand070,Brc1ccccc1C1SCc2nc3ccccc3n21
cand175,NNc1cc(C(=O)Nc2cc(Cl)ccc2Cl)cc(Cl)n1
cand196,COCc1nc(CNc2cc(F)cc(Br)c2)cs1
cand093,CC(CC(=O)C1C(=O)OC(C)(C)OC1=O)C(Cl)(Cl)Cl
cand125,CC(=O)O[Bi]O[N+](=O)[O-]
cand191,CNC(=O)c1ccc(Cl)cc1Nc1nc(Cl)ncc1Cl
cand103,COC(=O)C(Br)CNC(=O)c1cccc([N+](=O)[O-])c1
cand179,Fc1cc2[nH]c(-c3coc4ccccc34)nc2cc1Br
cand054,CNc1nc(Br)c(Cc2ccc(OC)c(F)c2)s1
cand007,NC(=S)C1(C(=O)Nc2cc(F)ccc2Br)CCC1
cand225,COc1cccc(C(NN)c2cc(Br)cs2)c1F
cand192,CNc1cncc(C(=O)Nc2cc(Cl)c(Cl)cc2Cl)n1
cand035,CC(C(=O)O)N(C)C(=O)c1ccc([N+](=O)[O-])cc1Br
cand151,NC(=S)c1c(Cl)cccc1NCCc1ccc(Cl)s1
cand005,Nc1sc(-c2ccccc2)nc1-c1ccc(Br)cc1
cand251,Nc1ccc(Sc2cccc(Br)c2)c2cnccc12
cand058,CN(CC(F)(F)F)c1ccc(I)cc1N
cand020,O=Cc1c(-c2cccs2)nc2c(Cl)cc(C(F)(F)F)cn12
cand180,CNCc1nc(-c2ccc(OC)c(F)c2)sc1Br
cand209,Cc1ccc(-c2noc(CC(=O)C(F)F)n2)cc1Br
cand057,CC(C)C(Br)C(=O)Nc1nc2ccc(F)cc2s1
cand224,Nc1cnccc1SCCSc1cc(Cl)ccc1Cl
cand032,NCC(=O)Nc1ccccc1[As]1SCCCS1
cand166,CC(NS(=O)(=O)c1ccc(Cl)c(C(F)(F)F)c1)C(=O)[O-]
cand253,COc1cc(NCc2ccc(Br)s2)c(N)cc1F
cand049,O=C(Cn1cnc(Cl)c1Cl)NN=Cc1ccccc1Cl
cand090,NC(=O)CN(CC(=O)O)C(=O)c1cc(Br)ccc1O
cand189,CCS(=O)(=O)CCOc1ccc(F)cc1S(=O)(=O)Cl
cand233,Cc1ccc(C#N)cc1Oc1ccc(C#N)c(Br)c1F
cand002,CCc1c(Cl)ncnc1NC(=O)c1cc(Cl)nc(Cl)c1
cand062,COc1csc(C(NN)c2cc(Br)ccc2F)c1
cand250,NNC(CSc1ccc(F)cc1)c1occc1Br
cand014,C=Cc1cn(-c2ccc(Br)cc2)nc1-c1cccs1
cand211,O=c1cc2n(c(=O)[nH]1)C1(CC(O)C(CO)O1)C(Br)=C2
cand160,Oc1ccc(C2C(Br)=CC3CCCC32)c(Cl)c1F
cand252,O=c1cc(-c2cc3cc(Cl)ccc3o2)c2ccc(Cl)cc2o1
cand214,CNC(=O)NC(=O)COC(=O)c1cc(Br)ccc1O
cand182,Cc1[nH]c(-c2ccc3ccccc3c2)nc(=S)c1Br
cand152,NC1=NC2(c3cc(Br)ccc3F)OCCC2CS1
cand197,CNC(=O)NC(=O)COc1cc(C(=O)O)ccc1Br
cand041,O=C(O)CCC(NC(=O)c1ncccc1Br)C(=O)O
cand004,O=C(O)N1CCOC(c2ccc([N+](=O)[O-])cc2Br)C1
cand012,CCc1nc2cccc3c2n1-c1ccc(Br)cc1S3
cand010,O=[N+]([O-])c1cccc(N2C(=S)SC3CS(=O)(=O)CC32)c1
cand000,Brc1ccc(Nc2nc(-c3ccccc3)cs2)cc1
cand145,CSc1nc(NCc2ccc(Cl)cc2)n(C(=S)S)n1
cand155,Nc1ccc(NCCC(F)(F)F)c(I)c1
cand021,CN(N)c1cc(F)cc(Br)c1OCc1cccs1
cand164,O=C(c1cncc(F)c1)c1nc2ccccc2cc1Br
cand246,Cc1nc(COc2cc(F)c(Br)cc2N)sc1C
cand123,O=C(O)CCC(NC(=O)c1ccc(Br)cn1)C(=O)O
cand245,COc1ccc(C(NN)c2csc(Br)c2)cc1F
cand071,N#Cc1ccc(Cl)c(S(=O)(=O)NCC(F)(F)C(F)F)c1
cand235,OC(O)C(Br)CCCCCCCCBr
cand165,CNC(=O)c1cccc(Cl)c1Nc1nc(Cl)ncc1Cl
cand210,O=S(=O)(O)OCCOc1ccc(Cl)cc1Cl.[H]N=CN
cand028,O=C(Cn1cc(Br)cn1)c1ccc(OC(F)F)cc1
cand117,Nc1cc(C(=O)N(CC(=O)O)CC(=O)O)ccc1Br
cand208,CCC(CC)C(Cl)c1csc2c(Br)cccc12
cand247,NC1=NC2(CCOc3cc(F)c(Br)cc32)CCS1
cand055,O=C(NNc1cccc(Cl)n1)Nc1cc(Cl)ccc1Cl
cand194,C[Si](Cl)(Cl)C1CC2CC1C(F)(C(F)(F)F)C2(F)F
cand126,O=C1COc2ccc([N+](=O)[O-])cc2N1CC(O)CBr
cand046,O=C(c1ccc2nccnc2c1)c1cc(Br)ccc1F
cand244,Cc1ccc(-c2noc(CC(=O)C(F)F)n2)c(Br)c1
cand218,COCc1c(C#N)c(N)nn1-c1ccc(Cl)c(Cl)c1Cl
cand216,O=C(O)c1ncsc1S(=O)(=O)N1CCc2sccc2C1
cand075,O=C(NNSc1ccccc1Cl)c1c(F)cccc1Cl
cand239,COc1nc(Oc2cc(Br)cc(F)c2F)ccc1N
cand111,CN(CCC(=O)O)C(=O)c1ccc([N+](=O)[O-])cc1Br
cand043,NC(=O)CC(NC(=O)C=Cc1ccc(Br)o1)C(=O)O
cand045,CC(c1ccccc1)N1[CH-]C[CH+]CC1.[Zn+]Br
cand074,COc1ccc(C)cc1-c1nc(C)c(Br)n1SF
cand115,COC(=O)CNC(=O)Nc1ccc(Br)c(C(=O)O)c1
cand205,N#Cc1c(CCO)nn(-c2c(Cl)cc(Cl)cc2Cl)c1N
cand056,CCNc1ncc(COc2ccc(F)c(Br)c2)s1
cand201,COc1cccc(C(NN)c2sccc2Br)c1F
cand156,Nc1ccc(C(=O)N(CC(=O)O)CC(=O)O)cc1Br
cand220,O=C(OCCCCCC(F)(F)F)OCC(Cl)(Cl)Cl
cand249,Cc1cc(NNC(=O)c2ccc(Cl)c(Cl)c2)nc(Cl)n1
cand177,Nc1cccc(-c2nc(-c3cccc(Br)c3)cs2)c1
cand222,Nc1cc(I)ccc1NCCC(F)(F)F
cand213,CCC(NC(=O)c1ccc(Br)cc1[N+](=O)[O-])C(=O)O
cand186,O=S1(=O)CS(=O)(=O)C1C(O)(c1ccccc1)C(F)(F)F
cand187,CCC(Br)c1nnc(-c2ccc(F)c(OC)c2)s1
cand080,NCc1ccc(C(=O)Nc2c(F)cc(F)cc2Br)o1
cand092,Oc1c(F)cccc1NC(=S)Nc1cc(Cl)cc(Cl)c1
cand100,N#Cc1c(Br)n(-c2ccc(O)c(F)c2)c2ccccc12
cand065,CCc1ccc2nc3sc4ccc(Br)cc4n3c2c1
cand157,ON1P(O)N=P(O)(O)N(Oc2ccccc2)[P+]1(O)O
cand248,Cc1cccc(Cl)c1NC(=O)Nc1cc(Cl)nc(Cl)n1
cand036,Clc1c(Cc2ccccc2)cc2ccccc2c1Br
cand140,CSc1nc2ccc(Br)cc2nc1-c1ccccc1
cand181,Cn1nnc(NC(=S)NC(=O)c2cccc(Cl)c2Cl)n1
cand102,CCCNC(=O)CSc1ccc(C#N)c(Br)c1F
cand132,FC(F)(F)Oc1cccc(-c2nc(Cl)nc3ccsc23)c1
cand114,Cc1nc(-c2ccc(OC(F)F)cc2)[nH]c(=O)c1Br
cand087,Nc1cc(Br)cc(C(=O)N(CC(=O)O)CC(=O)O)c1
cand026,N#CC(=Cc1ccc(Br)cc1)c1nc(C2CC2)cs1
cand130,O=C(CCBr)Nc1cc2c(cc1[N+](=O)[O-])OCCO2
cand223,CC1OCCC1n1c(=S)[nH]c2cc(Br)c(F)cc21
cand088,O=C(O)CC(c1ncc(Br)[nH]1)c1cc(F)ccc1F
cand009,O=C(O)c1ccc(=O)[nH]c1.O=C(O)c1cnc(Cl)c(Cl)c1
cand108,O=C(c1cc([N+](=O)[O-])ccc1Br)N1CC(O)C(O)C1
cand006,NC(=S)C(NC(=O)c1cccc(Br)c1F)C1CC1
cand148,CCC(C)CC(Cl)c1csc2c(Br)cccc12
cand096,O=C(Cl)COC1CCCC(OCC(=O)Cl)C1C(=O)Cl
cand040,CC1(C)OCC2(OC=CC3OC(C(Cl)(Cl)Cl)OC32)O1
cand202,O=C(O)CON=Cc1c(C(=O)O)[nH]c2cc(Cl)cc(Cl)c12
cand119,C=C(C)C(=O)OCCCCC(=O)OC(=O)C(Cl)(Cl)Cl
cand228,Cc1nc(Cn2c(CCl)nc3cc(Cl)c(Cl)cc32)no1
cand231,COc1ccc(F)cc1CCc1nc(N)sc1Br
cand064,NC(=O)c1cc(Br)ccc1NC(CC(=O)O)C(=O)O
cand089,O=C(COC(=O)c1ccc(Br)o1)NC(=O)NC1CC1
cand203,C=C(CC(=O)OCC(Cl)(Cl)Cl)C(=O)OC1(C)COC1
cand001,FC(F)(F)c1ccc2sc(-c3ccncc3OCl)nc2c1
cand078,Cc1cccnc1-c1nc(-c2ccc(Br)cc2)cs1
cand144,NNc1ccc(Cl)c(C(=O)Nc2cccc(Cl)c2Cl)n1
cand101,O=C(Nc1c(Cl)cc(Cl)cc1Cl)c1n[nH]c(C2CC2)n1
cand061,COC(=O)C1CC(=O)NN(C(=O)c2ccc(Br)o2)C1
cand173,O=C(O)CN(CC(=O)O)N=Cc1cc(Br)ccc1O
cand121,Brc1ccc(-c2cc(Sc3ccccc3)n[nH]2)cc1
cand229,CN(Cc1csc(Br)c1)c1ncc(F)cc1CO
cand019,CN(CCC(=O)O)C(=O)c1ccc(Br)cc1[N+](=O)[O-]
cand168,COC(=O)CNC(=O)COC(=O)c1cncc(Br)c1
cand185,[Pt].[c-]1nocc1-c1ncco1
cand147,Cc1cc(Cl)nc(NC(=O)c2cc(N)cc(Cl)c2Cl)n1
cand023,CC(C(=O)O)N(C)C(=O)c1cc(Br)cc([N+](=O)[O-])c1
cand025,CC(OC(=O)c1cc(Br)ccc1O)C(=O)NC(N)=O
cand053,COc1ccc(F)cc1C(NN)c1sccc1Br
cand150,Fc1ccc(C=CSCc2ccc(Cl)cc2Cl)c(F)c1
cand127,Brc1ccc(-c2csc(Cc3ccccn3)n2)cc1
cand174,FCCN(Cc1ccc(Br)nc1)C1=CC(=S)OC1
cand158,CC(C)(C)C1C[CH]CCC1.[I-].[Zn]
cand051,O=C(O)CC1(Oc2c(Br)cccc2[N+](=O)[O-])CNC1
cand217,Nc1ccc(Sc2nccc3c(Br)cccc23)cc1
cand083,O=C(O)CCCC(=O)Nc1ccc([N+](=O)[O-])c(Br)c1
cand106,Cn1ncc(Br)c1C(=O)c1ccc(OC(F)F)cc1
cand198,O=C(c1ccc(F)c(S)c1)c1ccc(F)c(S(=O)(=O)O)c1
cand219,CCCCCC(OC(C)Br)OC(C)Br
cand138,Brc1ccc(-c2csc(Cc3ccncc3)n2)cc1
cand060,NC(=NOCc1cc(F)ccc1F)c1ccc(Br)o1
cand163,Cc1csc(C(C#N)=CC(Br)=Cc2ccccc2)n1
cand067,CC(NC(=O)Cc1ccc([N+](=O)[O-])cc1Br)C(=O)O
cand129,O=C1CC2CSCCN2c2cc(F)c(Br)cc2N1
cand120,CC(C(=O)O)N(C)C(=O)c1ccc(Br)cc1[N+](=O)[O-]
cand073,O=C(NCC(F)(F)Br)c1ccc(-c2cccnc2)o1
cand039,COC(=O)C(C)C(=O)Nc1cc([N+](=O)[O-])ccc1Br
cand184,NC(=O)c1c(Br)cccc1N(CC(=O)O)CC(=O)O
cand016,CC(C)(C)C1C[CH-]CCC1.[Zn+]I
cand037,Cc1ccc(-c2sc(C)c3c2C(=O)c2sccc2C3=O)s1
cand042,C#CC1(CO)OC(n2ccc(=O)[nH]c2=O)C(Br)C1O
cand015,COc1cc(NCc2sccc2Br)c(F)cc1N
cand068,COC(=O)CCC(=O)Nc1ccc([N+](=O)[O-])cc1Br
cand204,CNc1ccc(C(=O)Nc2c(Cl)cc(Cl)cc2Cl)nn1
cand118,Brc1cccc2c1Cc1c-2nc2sc3c(n12)CCC3
cand193,COC(=O)c1ccc(S(=O)(=O)CCS(=O)(=O)[O-])cc1.[Na+]
cand172,O=C(O)CNC(=O)CNC(=O)c1ccc(Br)c(O)c1
cand227,Cn1c(CO)cnc1SCc1ccc(Br)cc1F
cand097,Brc1csc(Nc2ccc(-c3ccccc3)cc2)n1
cand091,Cc1c(CS(=O)(=O)F)cc(OS(=O)(=O)F)cc1B(O)O
cand076,NNc1cccc(C(=O)Nc2cc(Cl)c(Cl)cc2Cl)n1
cand044,Cc1csc(Sc2cccc(S(C)(=O)=O)c2[N+](=O)[O-])n1
cand142,Cc1cnccc1-c1nc(-c2ccccc2Br)cs1
cand050,Cn1ncc(NN=Cc2c(Cl)cccc2Cl)c(Cl)c1=O
cand176,CC(C)(NC(=O)c1cc(Br)cc([N+](=O)[O-])c1)C(=O)O
cand024,C=CC=CP(=O)(O)OP(=O)(O)OP(=O)(O)C=CC=C
cand154,FC1(F)C(C#Cc2ccccc2)=C1c1ccc(Br)cc1
cand077,Cc1sc(-c2cccnc2)nc1-c1ccc(Br)cc1
cand048,NC(=O)c1cnc(Cl)nc1NCc1cccc(Cl)c1Cl
cand240,COc1cc(C(NN)c2sccc2Br)ccc1F
cand018,O=C(O)C1CC(O)CN1c1ccc(Br)cc1[N+](=O)[O-]
cand195,O=C(Nc1nc2cnc(C(F)(F)F)cc2s1)c1ccsn1
cand135,CCCC(Br)C(=O)Nc1nc2c(F)cccc2s1
cand104,Oc1ccc(NC(=S)Nc2cc(Cl)cc(Cl)c2)cc1F
cand116,CC(C)(C(=O)O)C(=O)Nc1ccc([N+](=O)[O-])cc1Br
cand022,O=c1ccc(NS(=O)(=O)c2ccc(Cl)c([N+](=O)[O-])c2)n[nH]1
cand017,CCOC(=O)c1sc2[nH+]c(OCC)ccc2c1Br
cand170,CCOC(=O)C=CCn1cc(Br)cc([N+](=O)[O-])c1=O
cand134,CC(NCc1csc(=O)[nH]1)c1ccc(Br)cc1F
cand136,NC(=O)c1cnc(Cl)nc1NCc1c(Cl)cccc1Cl
cand226,CNC(=O)NC(=O)COC(=O)C=Cc1ccc(Br)o1
cand178,O=C(c1ccc([N+](=O)[O-])cc1Cl)N1CCSC1=N[N+](=O)[O-]
cand085,O=C(c1cc(Cl)c(Br)cc1F)C1CC2CCC1C2
cand029,CCCCCCCCC(Br)C(O)(O)Br
cand013,CC(C)C(Br)C(=O)Nc1nc2c(F)cccc2s1
cand105,CNc1cnc(C(=O)Nc2cc(Cl)c(Cl)cc2Cl)cn1
cand206,O=C(Nc1nncn1C1CC1)c1c(Cl)cc(Cl)cc1Cl
cand212,O=C1C(=Cc2cccnc2)SC(=S)N1CCS(=O)(=O)O
cand128,O=C(O)C1(Nc2ccc([N+](=O)[O-])cc2Br)CCOC1
cand034,CCOC(=O)C=C(OS(=O)(=O)C(F)(F)F)c1cccs1
cand086,COC(=O)c1nn(-c2ccc(F)cc2F)c(C)c1Br
cand159,Fc1cc2[nH]c(-c3cc4ccccc4o3)nc2cc1Br
cand237,Cn1nc(CC(=O)O)c(Br)c1-c1cc(F)ccc1F
cand124,[H]N=C1C(=Cc2cccs2)C(=O)N=C2SC(C(F)(F)F)=NN21
cand084,Brc1cccc(C2SCc3nc4ccccc4n32)c1
cand167,O=[N+]([O-])c1cc(S(=O)(=O)Nc2cncc(Cl)n2)ccc1O
cand131,COc1cccc(F)c1C(NN)c1cscc1Br
cand079,Cc1sc(-c2ccncc2)nc1-c1ccc(Br)cc1
cand008,FC(F)(F)c1nc(=S)cc(-c2cc3cccc(Cl)c3o2)[nH]1
cand207,CON(C)C(=O)Nc1ccc(C(F)(F)Cl)c(Cl)c1S
cand243,FC(F)(F)c1ccc(Oc2nc(Cl)nc3sccc23)cc1
cand200,CC1(n2c(=S)[nH]c3cc(F)c(Br)cc32)CCOC1
cand113,O=C(O)C1COCC1Nc1ccc([N+](=O)[O-])cc1Br
cand242,O=[N+]([O-])c1cc([N+](=O)[O-])c2ccc(OS(=O)(=O)O)cc2c1O
cand047,ClC1(Cl)CC1CSc1ncnc2sc3c(c12)CCC3
cand232,Brc1ccc2sc(C3CNc4ccccc43)nc2c1
cand190,OCC(F)(F)c1ccc(Oc2ncccc2Br)cn1
cand011,NC(=O)NC(=O)COC(=O)COc1ccc(Br)cc1
cand238,COc1cc(NCc2cc(Br)cs2)c(N)cc1F
cand027,N#CCCN1c2ccccc2Sc2ccc(Br)cc21
cand063,C=CCS(=O)(=O)O.[Pb]
cand109,O=C(CCl)NC(=O)Nc1nc(-c2ccc([N+](=O)[O-])o2)cs1
cand236,CC(NS(=O)(=O)c1cc(C(F)(F)F)ccc1Cl)C(=O)[O-]
cand137,COC(=O)CCNC(=O)c1ccc(Br)c([N+](=O)[O-])c1
cand003,CCOC(=O)c1cnc2c(F)cc(Br)c(F)c2c1N
cand110,Nc1c(Br)cccc1C(=O)N(CC(=O)O)CC(=O)O
cand082,CNc1nc(Br)c(Cc2cc(F)ccc2OC)s1
cand183,Cn1ncc(Br)c1C(O)CSc1ccc(F)cc1
cand059,C1CCOCC1.C1CCOCC1.[Br-].[Br-]
cand099,C#CCN(CC(=O)O)C(=O)c1cc(Cl)c(Cl)c([N+](=O)[O-])c1
cand234,NC(=O)CN(CC(=O)O)C(=O)c1ccc(Br)cc1O
cand107,NC(=NO)c1c(F)cccc1Sc1cc(Cl)ccc1Cl
cand161,FC(F)(F)c1nc(Cl)cc(OCC(F)(F)C(F)(F)F)n1
cand141,Cc1ccncc1-c1nc(-c2ccccc2Br)cs1
cand230,CCC(CBr)(CBr)CCOCCOC
cand030,Brc1ccc2nc(-c3ccc4c(c3)CNC4)sc2c1
cand081,NC1=NC2(c3cc(Br)ccc3F)COCC2CS1
cand146,O=C([O-])c1cn2c(CO)c(-c3ccc(Cl)cc3)nc2s1.[Na+]
cand031,C1=COCCC1.CCCBr.OCCBr
cand162,CS(=O)(=O)c1cccnc1Sc1nc(CC(=O)O)cs1
cand133,N#Cc1c(Br)n(-c2ccc(F)cc2)c2ccc(O)cc12
cand122,O=C(O)NC(Cc1ccc([N+](=O)[O-])cc1)C(=O)CBr
cand072,C1CCOC1.[CH2-]C(=O)OC(C)(C)C.[Zn+]Br
cand199,Cc1cc(Cl)ccc1-c1ccc(Br)c2ccccc12
cand033,COc1cc(NCc2sccc2Br)c(N)cc1F
cand094,CCOc1ccc(-c2sc(CN)nc2Br)cc1F
cand143,Cc1ccc(-c2nc(=S)c3cc(Br)ccc3[nH]2)cc1
cand221,Cc1nc(Cl)c(C)c(NC(=O)c2cc(Cl)nc(Cl)c2)n1
cand038,Br.c1ccc(-c2cn3c(n2)sc2ccccc23)cc1
cand112,NC(=O)CN(c1ccnc(Cl)n1)c1cc(Cl)ccc1Cl
cand215,O=c1c(OC(F)F)ccnn1Cc1cccc(Br)c1
cand052,Cc1ccnc(-c2nc(-c3cccc(Br)c3)cs2)c1
cand153,CCC(Br)c1nc(CSc2cccc(F)c2)no1
cand069,COC(=O)CN(C)C(=O)c1cc([N+](=O)[O-])ccc1Br
cand171,CC(C)(C)C1CC[CH-]CC1.[Zn+]I
cand066,O=S(=O)(NC(CO)(CO)CO)c1cnc(Cl)c(Cl)c1
cand095,CCNC(=O)c1c(Br)cc(C(=O)OC)cc1[N+](=O)[O-]
cand098,C1CCOC1.[Br-].[CH2-]CCC(=O)OCC.[Zn+2]
cand188,CC(=CC(=O)O)Cn1cc([N+](=O)[O-])c(C)c(Br)c1=O
cand149,Cn1nnc(NC(=S)NC(=O)c2ccc(Cl)cc2Cl)n1
cand169,COC(=O)C(CCc1ccc(Br)cc1[N+](=O)[O-])N=O
cand139,CCOC(=O)CNC(=O)c1cccc([N+](=O)[O-])c1Br
