method,confidence,threshold,tau,val_coverage_present,val_false_nomination_absent,coverage_present_estimate,coverage_present_ci_low,coverage_present_ci_high,recall5_among_nominated_estimate,recall5_among_nominated_ci_low,recall5_among_nominated_ci_high,false_nomination_absent_estimate,false_nomination_absent_ci_low,false_nomination_absent_ci_high
mass,top1,tau_cov90,-1.0101959705352783,0.9019831793167895,0.9019831793167895,0.8996994740796393,0.8704004381410051,0.9267515862836331,0.146773793379298,0.12349297642396949,0.17143654494661267,0.8996994740796393,0.8704004381410051,0.9267515862836331
mass,top1,tau_fn10,-0.0037370000500231,0.10123559339632437,0.09998961686221576,0.12227648384673179,0.09862152574435144,0.14672406700804266,0.22124464993310375,0.17525837133237027,0.2737938511062866,0.1214312546957175,0.09806468759511283,0.14603217111956854
mass,margin,tau_cov90,0.0,1.0,1.0,1.0,1.0,1.0,0.13324799666590434,0.11214284415745449,0.1564337723848712,1.0,1.0,1.0
mass,margin,tau_fn10,0.1904660016298294,0.09874364032810716,0.09998961686221576,0.11607813673929376,0.07952331854679548,0.16244098821563457,0.04948055293274433,0.02811527749499211,0.08622137015286624,0.11673553719008264,0.0808964325760347,0.16379311168571428
msalign,top1,tau_cov90,0.0405388325452804,0.9000103831377843,0.8423839684352611,0.9081517655897822,0.885434117951398,0.9283709959941476,0.6429511813901512,0.5883369825277236,0.6944346855454971,0.8658903080390684,0.8323434793529274,0.8937798844201644
msalign,top1,tau_fn10,0.5994018912315369,0.19312636278683418,0.09998961686221576,0.2127160030052592,0.1616072444679622,0.2661872277908793,0.6843243118972177,0.5434025047281218,0.8234374973358819,0.1316679188580015,0.08959253857779574,0.1799137791597112
msalign,margin,tau_cov90,0.008605569601059015,0.9000103831377843,0.8942996573564531,0.8878662659654395,0.8478553788564828,0.9191586381616804,0.6270071010884113,0.5743050758208025,0.677199276268683,0.8860818933132982,0.8462069071321906,0.916816725949999
msalign,margin,tau_fn10,0.27125924825668335,0.18378153878101963,0.09998961686221576,0.1379601803155522,0.09957467262180054,0.1864265016588255,0.852280462899932,0.7699025596518475,0.9095315894366955,0.09626220886551465,0.06823842066108993,0.1299005657566379
embcos,top1,tau_cov90,0.226743683218956,0.9000103831377843,0.8453950783926902,0.9075882794891059,0.8909465430180247,0.9219722898781935,0.6663941016388594,0.6157272246910618,0.710986921273297,0.8559353869271225,0.8332328778486086,0.8769687828253522
embcos,top1,tau_fn10,0.4653387367725372,0.2454573772193957,0.09998961686221576,0.2554470323065364,0.21970480080445118,0.29078978920561155,0.8366999979299083,0.7571827353964086,0.898852597686834,0.15683696468820435,0.12477260821182028,0.1908041640358038
embcos,margin,tau_cov90,0.004637748003005898,0.9000103831377843,0.8815283978818399,0.8704921111945906,0.8298771808717843,0.9024424564357099,0.6586062199408328,0.6154750153466125,0.6972837255687304,0.8581893313298272,0.8203484401542115,0.8888572019031411
embcos,margin,tau_fn10,0.10884144902229309,0.23652787872495068,0.09998961686221576,0.18369646882043575,0.1523038108559738,0.217272002736556,0.8915303340149967,0.850009460613513,0.9225871565856922,0.0977648384673178,0.07870266676062765,0.12045074075128774
deepsets,top1,tau_cov90,0.5066713094711304,0.9000103831377843,0.8628387498702108,0.8750939143501127,0.8476815228205373,0.8999717582311481,0.3319279319301633,0.28725985603172793,0.3771298700991898,0.8606311044327574,0.8318900961057824,0.8877022252570145
deepsets,top1,tau_fn10,0.717337429523468,0.17225625584051502,0.09998961686221576,0.18379038317054847,0.14079240508457477,0.2311665873711162,0.5277674161275551,0.4221468522920547,0.645482633150486,0.15082644628099173,0.11015570102586773,0.19486921099452395
deepsets,margin,tau_cov90,0.0012727975845336914,0.9000103831377843,0.8931575122001869,0.8604432757325319,0.8174632215184228,0.8948000163262558,0.3277810852467041,0.28296865729618453,0.37098543154913155,0.8613824192336589,0.8183178181954164,0.8962174008512938
deepsets,margin,tau_fn10,0.06361603736877441,0.16872598899387395,0.09998961686221576,0.08874906085649888,0.07065401585630021,0.10765480859824789,0.6735449735449736,0.5807303566453051,0.751508023540593,0.09926746806912096,0.07204640232140046,0.1310234493309838
fusion,top1,tau_cov90,1.654663324356079,0.9000103831377843,0.8678226560066452,0.8692712246431255,0.825052799071168,0.9090502571606686,0.7071089023336214,0.6583489448685517,0.7548838971248667,0.83809166040571,0.7911847749324364,0.8797559269379119
fusion,top1,tau_fn10,2.99298357963562,0.2408887965943308,0.09998961686221576,0.21797520661157024,0.1801262122886,0.2598230848189765,0.8683757001292546,0.7916143364318156,0.93084703019978,0.1016153268219384,0.07677016884228013,0.13022612092137684
fusion,margin,tau_cov90,0.025634288787841797,0.9000103831377843,0.8980375869587789,0.8823253193087904,0.8417435337518875,0.9147180517201621,0.6635055055453891,0.6119709865525473,0.712876359183312,0.8783809166040571,0.8396562655570551,0.9095934096589161
fusion,margin,tau_fn10,0.87663209438324,0.1826393936247534,0.09998961686221576,0.14021412471825695,0.10955824850658064,0.17622612252977463,0.8151373074346953,0.7278260690094128,0.8818506832154894,0.09917355371900827,0.07480161000372719,0.12733793878201446
