pool,rule,method,k,estimate,ci_low,ci_high,n_spectra,n_missing_or_failed,n_molecules
official_raw,expected,mass,1,7.5604906051197975,6.464339153248849,8.82783567884068,17556,0,2997
official_raw,expected,mass,5,22.507114420193677,20.347177552322297,24.75842848952888,17556,0,2997
official_raw,expected,mass,20,46.76118456505958,43.16144898561504,50.39053344738137,17556,0,2997
official_raw,expected,random,1,0.3978093524351294,0.39370249721540845,0.4041478387309314,17556,0,2997
official_raw,expected,random,5,1.9890467621756467,1.9685124860770422,2.0207391936546566,17556,0,2997
official_raw,expected,random,20,7.956187048702587,7.874049944308169,8.082956774618626,17556,0,2997
official_raw,strict,mass,1,3.007518796992481,2.0704004718369275,4.198986727659534,17556,0,2997
official_raw,strict,mass,5,11.067441330599227,9.362424588082819,12.890285703432811,17556,0,2997
official_raw,strict,mass,20,30.861244019138756,27.76573835447998,34.185385015677845,17556,0,2997
official_raw,strict,random,1,0.0,0.0,0.0,17556,0,2997
official_raw,strict,random,5,0.0,0.0,0.0,17556,0,2997
official_raw,strict,random,20,0.0,0.0,0.0,17556,0,2997
official_dedup,expected,mass,1,7.721202809593068,6.6204075665158095,9.000859638696891,17556,0,2997
official_dedup,expected,mass,5,23.394128135411112,21.152031976008526,25.665280864779422,17556,0,2997
official_dedup,expected,mass,20,48.79830524869608,45.15713870420438,52.38680162280692,17556,0,2997
official_dedup,expected,random,1,0.42906256756229066,0.417231070173897,0.443072810592258,17556,0,2997
official_dedup,expected,random,5,2.145312837811453,2.086155350869485,2.215364052961288,17556,0,2997
official_dedup,expected,random,20,8.581251351245813,8.34462140347794,8.861456211845152,17556,0,2997
official_dedup,strict,mass,1,3.007518796992481,2.0704004718369275,4.198986727659534,17556,0,2997
official_dedup,strict,mass,5,11.449077238550922,9.723708780849082,13.304084333428671,17556,0,2997
official_dedup,strict,mass,20,32.67828662565505,29.53038043570521,36.05972487355265,17556,0,2997
official_dedup,strict,random,1,0.0,0.0,0.0,17556,0,2997
official_dedup,strict,random,5,0.0,0.0,0.0,17556,0,2997
official_dedup,strict,random,20,0.0,0.0,0.0,17556,0,2997
sub16,expected,mass,1,36.99622895837865,33.887896017356326,40.03425374081558,17556,0,2997
sub16,expected,mass,5,74.58751508990744,71.29975370014031,77.75908507214156,17556,0,2997
sub16,expected,mass,20,100.0,100.0,100.0,17556,0,2997
sub16,expected,random,1,6.25,6.25,6.25,17556,0,2997
sub16,expected,random,5,31.25,31.25,31.25,17556,0,2997
sub16,expected,random,20,100.0,100.0,100.0,17556,0,2997
sub16,strict,mass,1,24.589883800410117,21.797714159138483,27.56957027057208,17556,0,2997
sub16,strict,mass,5,64.70722260195944,60.5362577121213,68.48550845883604,17556,0,2997
sub16,strict,mass,20,100.0,100.0,100.0,17556,0,2997
sub16,strict,random,1,0.0,0.0,0.0,17556,0,2997
sub16,strict,random,5,0.0,0.0,0.0,17556,0,2997
sub16,strict,random,20,100.0,100.0,100.0,17556,0,2997
sub64,expected,mass,1,17.894974803859238,16.003049254448477,19.945662170088273,17556,0,2997
sub64,expected,mass,5,45.94497388239969,42.376616218023806,49.39417670839107,17556,0,2997
sub64,expected,mass,20,74.62670061773838,70.85109434056056,78.14392851768721,17556,0,2997
sub64,expected,random,1,1.5628163575117062,1.5625,1.56329506618738,17556,0,2997
sub64,expected,random,5,7.814081787558531,7.8125,7.816475330936901,17556,0,2997
sub64,expected,random,20,31.256327150234124,31.25,31.265901323747602,17556,0,2997
sub64,strict,mass,1,8.931419457735247,7.3699678093428185,10.765981657310624,17556,0,2997
sub64,strict,mass,5,31.482114376851218,28.147265298275997,34.9200125517822,17556,0,2997
sub64,strict,mass,20,65.78377762588289,61.46061986032257,69.81713646783146,17556,0,2997
sub64,strict,random,1,0.0,0.0,0.0,17556,0,2997
sub64,strict,random,5,0.0,0.0,0.0,17556,0,2997
sub64,strict,random,20,0.0,0.0,0.0,17556,0,2997
