method,stratum,level,n_spectra,n_molecules,recall5_estimate,recall5_ci_low,recall5_ci_high
mass,instrument,Orbitrap,7643,1071,13.529066260569374,11.425553681789443,16.08443968505113
mass,instrument,QTOF,2143,489,13.886934774938839,10.235575631103613,17.911928749588903
mass,instrument,unmapped,862,302,10.116139440405194,7.6948240730594435,12.691495859224405
mass,precursor_precision,0.01-10 ppm,7645,1002,9.19301342041151,7.184484724889419,11.736378026666907
mass,precursor_precision,<0.01 ppm,2264,526,31.59969805290298,27.453200964243003,35.75244264284403
mass,precursor_precision,>10 ppm,739,105,0.0814111759629253,0.00922773556497069,0.22301695581049813
msalign,instrument,Orbitrap,7643,1071,57.18208062430846,51.25330156855449,63.091592130836474
msalign,instrument,QTOF,2143,489,71.1579373729397,64.7211818713735,76.76751886105205
msalign,instrument,unmapped,862,302,74.12957123257166,67.84764158322903,80.12625613280807
msalign,precursor_precision,0.01-10 ppm,7645,1002,61.796441125477585,55.652830755863306,67.97735434749883
msalign,precursor_precision,<0.01 ppm,2264,526,54.328621908127204,47.88611012736843,60.32931530409512
msalign,precursor_precision,>10 ppm,739,105,78.48443843031123,60.9875017478036,89.50017201834862
embcos,instrument,Orbitrap,7643,1071,59.18648068052064,53.88808511640411,64.46323972098803
embcos,instrument,QTOF,2143,489,72.7291543203562,67.5369205682559,77.81685335234071
embcos,instrument,unmapped,862,302,75.2911006874358,70.32945744469623,79.7774083546462
embcos,precursor_precision,0.01-10 ppm,7645,1002,63.691534119334506,58.140464470913535,68.99543989892037
embcos,precursor_precision,<0.01 ppm,2264,526,59.01060070671378,54.0866062622706,63.590530751531205
embcos,precursor_precision,>10 ppm,739,105,71.17726657645467,54.38196096120724,82.66637565291836
deepsets,instrument,Orbitrap,7643,1071,28.991600437557175,24.57433284521503,33.41790480393748
deepsets,instrument,QTOF,2143,489,38.53088190200465,32.841331679073086,44.29853491176291
deepsets,instrument,unmapped,862,302,34.28379533520577,28.358484996409928,39.96192876610833
deepsets,precursor_precision,0.01-10 ppm,7645,1002,34.01008680695786,29.17926790305372,38.81780075244327
deepsets,precursor_precision,<0.01 ppm,2264,526,23.32155477031802,17.947866782760123,29.398662427655676
deepsets,precursor_precision,>10 ppm,739,105,28.28146143437077,16.88312440971924,39.17652616757788
fusion,instrument,Orbitrap,7643,1071,61.23916989989833,55.28272101828938,66.92909248206801
fusion,instrument,QTOF,2143,489,73.02447960345766,66.55204105790044,78.45022149105104
fusion,instrument,unmapped,862,302,76.3337475666784,70.30310789309856,82.03749298185869
fusion,precursor_precision,0.01-10 ppm,7645,1002,64.24357432800647,58.163325216425854,70.52415334556295
fusion,precursor_precision,<0.01 ppm,2264,526,62.72084805653711,56.710300480280075,68.24599653036766
fusion,precursor_precision,>10 ppm,739,105,77.40189445196211,59.39733589087809,88.57432481486859
